game_name,release_date,Added to Service,Removed from Service,metacritic_score,publisher,developer,System
Grand Theft Auto III,10/27/2001,6/10/2025,,97,"Capcom, Rockstar Games, 1C-SoftClub, Buka Entertainment",DMA Design,PS5/PS4
God of War: Ragnarök,11/9/2022,1/21/2025,,94,"Sony Interactive Entertainment, PlayStation PC",SCE Santa Monica Studio,PS5/PS4
Celeste,1/25/2018,6/13/2022,,93,Matt Makes Games,"Matt Makes Games, Extremely OK Games, Noel",PS4
Blue Prince,4/10/2025,4/10/2025,,92,Raw Fury,Dogubomb,PS5
Undertale,8/15/2017,7/18/2023,,92,"8-4, Toby Fox","8-4, Toby Fox",PS4
Demon's Souls,11/12/2020,6/13/2022,,92,Sony Computer Entertainment,"FromSoftware, Sony Computer Entertainment",PS5
Uncharted 4: A Thief's End,5/1/2016,6/13/2022,,92,Sony Computer Entertainment,Naughty Dog,PS4
Crusader Kings III,9/1/2020,6/18/2024,,91,Paradox Interactive,Paradox Developement Studios,PS5
Bloodborne,9/1/2015,6/13/2022,,91,"Sony Computer Entertainment, Sony Interactive Entertainment",FromSoftware,PS4
Hollow Knight: Voidheart Edition,2/24/2017,6/13/2022,,91,Team Cherry,Team Cherry,PS4
Shadow of the Colossus,10/18/2005,6/13/2022,,91,,Sony Interactive Entertainment,PS4
The Last of Us: Part 2 Remastered,1/19/2024,9/26/2025,,90,Sony Interactive Entertainment,Naughty Dog,PS5
The Last of Us: Part I,1/19/2024,9/26/2024,,90,"Sony Computer Entertainment, PlayStation PC",Naughty Dog,PS5
Dave the Diver,6/28/2023,4/16/2024,,90,"Nexon, MINTROCKET",MINTROCKET,PS5/PS4
Melty Blood: Type Lumina,9/30/2021,7/18/2023,,90,Lasengle,"Tamsoft, FRENCH-BREAD, GameLoop, Type-Moon, Lasengle",PS4
Rayman Legends,8/29/2013,9/20/2022,,90,Ubisoft Entertainment,"Ubisoft, Ubisoft Montpellier",PS4
Tetris Effect: Connected,11/10/2020,6/13/2022,,90,Enhance,"Resonair, Monstars, Stage Games",PS4/PSVR
Dreams,2/14/2020,8/15/2023,,89,Sony Interactive Entertainment,Media Molecule,PS4
Paradise Killer,3/16/2022,4/18/2023,,89,Fellow Traveller,Kaizen Game Works,PS5/PS4
Final Fantasy VII: Remake Intergrade,6/10/2021,7/19/2022,,89,Square Enix,Square Enix,PS5/PS4
Dead Cells,5/10/2017,6/13/2022,,89,"Plug In Digital, Playdigious, Motion Twin","Plug In Digital, Playdigious, Motion Twin",PS5/PS4
Abiotic Factor,7/22/2025,7/22/2025,,88,PlayStack,Deep Field Games,PS5
Ratchet and Clank: Rift Apart,6/11/2021,5/16/2023,,88,"Sony Interactive Entertainment, PlayStation PC","Insomniac Games, Nixxes software",PS5
Dishonored 2,11/10/2016,5/16/2023,,88,Bethesda Softworks,"Bethesda Softworks, Arkane Studios",PS4
Rise of the Tomb Raider: 20 Year Celebration,10/11/2016,5/16/2023,,88,"Square Enix, Microsoft Studios, Crystal Dynamics","Crystal Dynamics, Eidos Montreal, Nixxes",PS4
Nioh,2/1/2017,6/13/2022,,88,"Sony Computer Entertainment, Koei Tecmo Games",Team NINJA,PS4
Battlefield 1,10/21/2016,4/15/2025,10/20/2025,88,Electronic Arts,"Electronic Arts, Electronic Arts DICE",PS4
Marvel's Spider-Man,9/7/2018,8/19/2025,,87,Sony Interactive Entertainment,Insomniac Games,PS5/PS4
Sword of the Sea,8/19/2025,8/19/2025,,87,Giant Squid,Giant Squid,PS5
Return to Monkey Island,8/1/2022,10/15/2024,,87,Devolver Digital,"Lucasfilm, Devolver, Terrible Toybox",PS5
Shadowrun: Dragonfall - Director's Cut,9/18/2014,12/19/2023,,87,"Paradox Interactive, Harebrained Holdings, Harebrained Schemes",Harebrained Schemes,PS5/PS4
Destiny 2: The Witch Queen,2/22/2022,8/15/2023,,87,Bungie,Bungie,PS5/PS4
DOOM: Eternal,3/20/2020,4/18/2023,,87,Bethesda Softworks,"Bethesda Softworks, id Software, Bethesda Game Studios, Panic Button, Virtuos, Nerve Software",PS5/PS4
Monster Boy and the Cursed Kingdom,12/4/2018,4/18/2023,,87,"FDG Entertainment, Co KG","FDG Entertainment GmbH & Co.KG, Game Atelier",PS5/PS4
Wolfenstein II: The New Colossus,10/27/2017,4/18/2023,,87,Bethesda Softworks,"Bethesda Softworks, id Software, Arkane Studios, Panic Button, Machine Games, Goodbye Kansas Games, Doctor Entertainment",PS4
UNCHARTED: Legacy of Thieves Collection,1/28/2022,3/21/2023,,87,"Sony Interactive Entertainment, PlayStation PC","Naughty Dog, Iron Galaxy Studios",PS5
Fallout 4,11/10/2015,6/13/2022,,87,Bethesda Softworks,Bethesda Game Studios,PS4
XCOM 2,2/1/2016,6/13/2022,,87,"2K Games, Feral Interactive","Feral Interactive, 2K, Firaxis",PS4
Silent Hill 2 (2024),10/8/2024,10/21/2025,,86,Konami,Bloober Team,PS5
Unicorn Overlord,3/8/2024,8/19/2025,,86,"SEGA, Atlus",VanillaWare,PS5/PS4
Cyberpunk 2077,12/10/2020,7/9/2025,,86,CD PROJEKT RED,"CD PROJEKT RED, CD PROJEKT",PS5/PS4
Prince of Persia: The Lost Crown,1/18/2024,3/18/2025,,86,Ubisoft Entertainment,,PS5/PS4
Bang-On Balls: Chronicles,10/5/2023,3/18/2025,,86,"Untold Tales, Exit Plan Games",Exit Plan Games,PS5/PS4
Humanity,5/16/2023,5/16/2023,,86,"Enhance, Enhance Games","Enhance Games, tha",PS5/PS4
Returnal,4/30/2021,6/13/2022,,86,"Sony Interactive Entertainment, PlayStation PC","Housemarque, Climax Studios",PS5
Marvel's Spider-Man: Miles Morales,11/12/2020,6/13/2022,,86,"Sony Interactive Entertainment, PlayStation PC",Insomniac Games,PS5/PS4
Desperados III,6/16/2020,6/13/2022,,86,THQ Nordic,Mimimi Productions,PS4
DOOM (2016),5/1/2016,6/13/2022,,86,Bethesda Softworks,"Bethesda Softworks, id Software, Panic Button, Tango Gameworks, Escalation Studios, Certain Affinity, Digital Domain, BattleCry Studios",PS4
UNCHARTED: The Lost Legacy,8/1/2017,6/13/2022,,86,Sony Computer Entertainment,Naughty Dog,PS4
Risk of Rain 2,8/11/2020,7/15/2025,,85,Gearbox Publishing,Hopoo Games,PS5/PS4
A Space for the Unbound,1/19/2023,12/17/2024,,85,Toge Productions,Mojiken,PS5/PS4
Far Cry 4,11/18/2014,6/18/2024,,85,Ubisoft Entertainment,"Ubisoft, Ubisoft Montreal",PS4
Shadow Tactics: Blades of the Shogun,12/6/2016,1/16/2024,,85,Daedalic Entertainment,"Daedalic Entertainment, Mimimi Productions",PS4
Teenage Mutant Ninja Turtles: Shredder's Revenge,6/16/2022,6/20/2023,,85,"DotEmu, Gamera Games",Tribute Games,PS5/PS4
Tomb Raider: Definitive Edition,1/28/2014,5/16/2023,,85,"Square Enix, Feral Interactive","Feral Interactive, Square Enix, NVIDIA Lightspeed Studios, Crystal Dynamics",PS4
The Forgotten City,7/28/2021,2/21/2023,,85,"Dear Villagers, Modern Storyteller",Modern Storyteller,PS5/PS4
Ys VIII: Lacrimosa of DANA,7/21/2016,11/15/2022,,85,NIS America,"NIS America, Nihon Falcom",PS5/PS4
Control: Ultimate Edition,8/27/2020,6/13/2022,,85,505 Games,Remedy Entertainment,PS5/PS4
Ghost of Tsushima: Director's Cut,8/20/2021,6/13/2022,,85,Sony Interactive Entertainment,Sucker Punch Productions,PS5/PS4
Frostpunk,4/1/2018,6/13/2022,,85,11 bit studios,11 Bit Studios,PS4
Mahjong,2/20/2017,6/13/2022,,85,"Bigben Interactive, Sanuk Games, Taranau Aliaksei, baKno Games, dtp young entertainment, The Solitaire, Mahjong and Sudoku Company","1C Wireless, Sanuk Games, Bigben Interactive, Taranau Aliaksei, baKno Games, CanaryDroid, Magic Puzzle, Banana & Co., Poker Power, Noodle Games, Mahjong Solitaire Fun, Solitaire Card Games, Mahjong, Fun Games free, Solitaire, Mahjong and Sudoku Company",PS4
Resogun,11/1/2013,6/13/2022,,85,Sony Computer Entertainment,"Sony Interactive Entertainment, Housemarque, Climax Group, XDev Studio Europe",PS4
Ys VIII: Lacrimosa of DANA,7/21/2016,6/13/2022,,85,NIS America,"NIS America, Nihon Falcom",PS4
South Park: The Stick of Truth,3/1/2014,6/13/2022,,85,Ubisoft Entertainment,Obsidian Entertainment,PS4
Yakuza: Like a Dragon,11/10/2020,10/21/2025,,84,SEGA,"SEGA, Ryu ga Gotoku Studio",PS5/PS4
Crow Country,5/9/2024,9/16/2025,,84,SFB Games,SFB Games,PS5/PS4
Hogwarts Legacy,2/7/2023,4/15/2025,,84,"Warner Bros. Interactive, Wizarding World","Avalanche Software, Portkey Games",PS5/PS4
Sayonara Wild Hearts,9/19/2019,1/21/2025,,84,Annapurna Interactive,Simogo,PS4
Overcooked! All You Can Eat,11/12/2020,11/19/2024,,84,Team17 Digital,"Team17 Digital, Ghost Town Games",PS5/PS4
Football Manager 2024,11/6/2023,6/18/2024,,84,SEGA,Sports Interactive,PS5
Deus Ex: Mankind Divided,8/23/2016,6/20/2023,,84,"Square Enix, Feral Interactive",Eidos Montreal,PS4
Tearaway Unfolded,9/1/2015,6/13/2022,,84,Sony Interactive Entertainment,Media Molecule,PS4
Tom Clancy's The Division,3/8/2016,6/13/2022,,84,Ubisoft Entertainment,"Ubisoft, Massive Entertainment",PS4
V Rising,5/8/2024,10/21/2025,,83,Stunlock Studios,Stunlock Studios,PS5
Mortal Kombat 1,9/19/2023,8/19/2025,,83,Warner Bros. Interactive,"NetherRealm Studios, QLOC",PS5
S.T.A.L.K.E.R.: Legends of the Zone Trilogy,10/31/2024,5/20/2025,,83,GSC Game World,GSC Game World,PS5/PS4
Stick Fight: The Game,4/1/2021,11/19/2024,,83,Landfall,Landfall,PS4
Two Point Campus,8/9/2022,10/15/2024,,83,SEGA,Two Point Studios,PS5/PS4
GRIS,12/13/2018,10/15/2024,,83,Devolver Digital,Nomada Studio,PS5/PS4
Pathfinder: Wrath of the Righteous,9/2/2021,7/16/2024,,83,"META Publishing, Owlcat Games",Owlcat Games,PS5/PS4
Anno 1800,4/16/2019,6/18/2024,,83,Ubisoft Entertainment,Blue Byte,PS5
Sackboy: A Big Adventure,11/12/2020,4/18/2023,,83,PlayStation PC,Sumo Digital,PS5/PS4
Assassin's Creed Odyssey,10/2/2018,10/18/2022,,83,Ubisoft Entertainment,"Ubisoft, Ubisoft Montreal, Ubisoft Montpellier, Ubisoft Shanghai, Ubisoft Quebec, Ubisoft Bucharest, Ubisoft Singapore, Ubisoft Kiev",PS4
Assassin's Creed IV: Black Flag,10/29/2013,7/19/2022,,83,Ubisoft Entertainment,"Ubisoft, Ubisoft Montreal, Ubisoft Toronto, Ubisoft Bucharest",PS4
Chess Ultra,6/1/2017,6/13/2022,,83,Ripstone,Ripstone,PS4/PSVR
Children of Morta,9/3/2019,6/13/2022,,83,"11 bit studios, Dead Mage",Dead Mage,PS4
Cities: Skylines,3/10/2015,6/13/2022,,83,Paradox Interactive,Colossal Order,PS4
Towerfall Ascension,6/25/2013,6/13/2022,,83,Matt Makes Games,"Matt Makes Games, Matt Thorson",PS4
Child of Light,4/29/2014,6/13/2022,,83,Ubisoft Entertainment,"Ubisoft, Ubisoft Montreal",PS4
Legendary Fishing,9/18/2018,6/13/2022,,83,Ubisoft Entertainment,Ubisoft,PS4
Coral Island,11/14/2023,8/19/2025,,82,Humble Games,Stairway Games,PS5
Gloomhaven: Mercenaries Edition,7/17/2019,5/20/2025,,82,Asmodee Digital,Flaming Fowl Studios,PS5/PS4
Citizen Sleeper,5/5/2022,1/21/2025,,82,Fellow Traveller,Jump Over The Age,PS5/PS4
Chivalry 2,6/8/2021,11/19/2024,,82,"Deep Silver, Tripwire Interactive, Tripwire Presents",Torn Banner Studios,PS5/PS4
Cult of the Lamb,8/11/2022,8/20/2024,,82,Devolver Digital,Massive Monster,PS5/PS4
Watch Dogs 2,11/15/2016,8/20/2024,,82,Ubisoft Entertainment,Ubisoft Montreal,PS4
Röki,7/23/2020,10/17/2023,,82,"CI Games, United Label",Polygon Treehouse,PS5/PS4
This War of Mine: Final Cut,5/10/2022,9/19/2023,,82,The Working Parts,The Working Parts,PS5
Two Point Hospital: Jumbo Edition,2/25/2020,8/15/2023,,82,"SEGA, GAMESDROP","Two Point Studios, GAMESDROP",PS4
Dishonored: Death of the Outsider,9/15/2017,5/16/2023,,82,Bethesda Softworks,"Bethesda Softworks, Arkane Studios",PS4
Tom Clancy's The Division 2,3/15/2019,11/15/2022,,82,Ubisoft Entertainment,"Ubisoft, Massive Entertainment",PS4
Death Stranding: Director's Cut,9/24/2021,6/13/2022,,82,"Sony Interactive Entertainment, 505 Games",Kojima Productions,PS5/PS4
Marvel's Guardians Of The Galaxy,10/26/2021,6/13/2022,,82,Square Enix,Eidos Montreal,PS5/PS4
Age of Wonders: Planetfall,8/6/2019,6/13/2022,,82,Paradox Interactive,"Triumph Studios, Paradox Interactive",PS4
Disgaea 5: Alliance of Vengeance,10/1/2015,6/13/2022,,82,,NIS America,PS4
The Last Guardian,12/1/2016,6/13/2022,,82,Sony Interactive Entertainment,"SIE Japan Studio, Team Ico",PS4
Warhammer Vermintide 2,3/8/2018,6/13/2022,,82,Fatshark,Fatshark,PS4
South Park: The Fractured But Whole,10/1/2017,6/13/2022,,82,Ubisoft Entertainment,Ubisoft San Francisco,PS4
Fate/Samurai Remnant,9/29/2023,9/16/2025,,81,Koei Tecmo Games,Omega Force,PS5/PS4
Atelier Ryza 3: Alchemist of the End & the Secret Key,3/24/2023,8/19/2025,,81,"Koei Tecmo Games, Tecmo Koei America",KOEI TECMO GAMES CO,PS5/PS4
Planet Zoo,11/5/2019,7/15/2025,,81,Frontier Developments,Frontier Developments,PS5
We Love Katamari Reroll + Royal Reverie,6/2/2023,6/17/2025,,81,Bandai Namco Entertainment,MONKEYCRAFT Co,PS5/PS4
Battlefield V,11/20/2018,5/20/2025,,81,Electronic Arts,"Electronic Arts, Electronic Arts DICE, Uprise",PS4
Granblue Fantasy Versus: Rising,12/14/2023,5/20/2025,,81,Cygames,"Arc System Works, Cygames",PS5/PS4
Syberia: The World Before,3/18/2022,3/18/2025,,81,Microids,"Microids, Koalabs",PS5/PS4
MORDHAU,4/29/2019,2/17/2025,,81,Triternion,Triternion,PS5/PS4
Like a Dragon: Ishin!,2/21/2023,11/19/2024,,81,SEGA,Ryu ga Gotoku Studio,PS5/PS4
Far Cry 5,3/27/2018,9/17/2024,,81,Ubisoft Entertainment,"Ubisoft, Ubisoft Montreal, Ubisoft Toronto, Ubisoft Shanghai, Ubisoft Kiev, Red Storm",PS4
The Jackbox Party Pack 9,10/2/2022,7/16/2024,,81,Jackbox Games,Jackbox Games,PS5/PS4
Shadowrun: Hong Kong - Extended Edition,8/20/2015,12/19/2023,,81,Harebrained Holdings,Harebrained Schemes,PS5/PS4
FAR: Changing Tides,3/1/2022,10/17/2023,,81,Frontier Foundry,Okomotive,PS5/PS4
The Elder Scrolls V: Skyrim - Special Edition,11/11/2021,11/15/2022,,81,Bethesda Softworks,Bethesda Game Studios,PS5/PS4
Assassin's Creed Origins,10/27/2017,9/20/2022,,81,Ubisoft Entertainment,"Ubisoft, Ubisoft Montreal",PS4
Observer: System Redux,11/10/2020,6/13/2022,,81,"Aspyr, Bloober Team","Bloober Team, Anshar Studios",PS5/PS4
Gravity Rush 2,1/1/2017,6/13/2022,,81,Sony Computer Entertainment,Sony Interactive Entertainment,PS4
Moonlighter,5/29/2018,6/13/2022,,81,11 bit studios,"11 Bit Studios, Digital Sun",PS4
Oddworld: New 'n' Tasty,7/22/2014,6/13/2022,,81,Oddworld Inhabitants,"Oddworld Inhabitants, Just Add Water, Nephilim Games",PS4
Wolfenstein: The New Order,5/20/2014,6/13/2022,,81,Bethesda Softworks,"Bethesda Softworks, Machine Games",PS4
WWE 2K25,3/14/2025,9/16/2025,,80,2K Games,Visual Concepts,PS5/PS4
Conscript,7/23/2024,9/16/2025,,80,"Team17 Digital, Catchweight Studio","Catchweight Studio, Jordan Mochi",PS5
INDIKA,5/2/2024,8/19/2025,,80,11 bit studios,Odd Meter,PS5
Five Nights at Freddy's: Help Wanted 2,5/28/2019,6/17/2025,,80,ScottGames,Steel Wool Studios,PS5
Five Nights at Freddy's: Help Wanted - Full Time Edition,5/28/2019,5/20/2025,,80,Steel Wool Games,Steel Wool Studios,PS5/PS4
Atlas Fallen: Reign Of Sand,8/6/2024,1/21/2025,,80,Focus Entertainment,"Deck 13, Deck13",PS5
DREDGE,3/30/2023,5/29/2024,,80,Team17 Digital,Black Salt Games,PS5
Watch Dogs,5/27/2014,5/21/2024,,80,Ubisoft Entertainment,"Ubisoft, Ubisoft Montreal",PS4
Assassin's Creed Valhalla,11/10/2020,2/20/2024,,80,Ubisoft Entertainment,Ubisoft Montreal,PS5/PS4
LEGO City Undercover,3/18/2013,1/16/2024,,80,"Warner Bros. Interactive, Nintendo, TT Games","Traveller's Tales, TT Fusion",PS4
My Friend Peppa Pig,10/22/2021,6/20/2023,,80,Outright Games,Petoons Studio,PS5/PS4
Lonely Mountains: Downhill,10/23/2019,6/20/2023,,80,"Thunderful Publishing, Megagon Industries",Megagon Industries,PS4
Untitled Goose Game,9/1/2019,3/21/2023,,80,Panic,House House,PS5/PS4
The Pedestrian,1/29/2021,12/20/2022,,80,Skookum Arts,Skookum Arts,PS5/PS4
Oddworld: Soulstorm: Enhanced Edition,4/6/2021,11/15/2022,,80,Oddworld Inhabitants,Oddworld Inhabitants,PS5/PS4
Wheel of Fortune (2017),11/7/2017,8/16/2022,,80,,,PS4
Battle Chasers: Nightwar,10/3/2017,6/13/2022,,80,"THQ Nordic, Nordic Games, www.handy-games.com","THQ Nordic, Handy Games, Airship Syndicate",PS4
Detroit: Become Human,5/1/2018,6/13/2022,,80,"Sony Computer Entertainment, Quantic Dream",Quantic Dream,PS4
Harvest Moon: Light of Hope - Special Edition,11/14/2017,6/13/2022,,80,Natsume,"NATSUME, Tabot",PS4
Prey,5/5/2017,6/13/2022,,80,Bethesda Softworks,Arkane Studios,PS4
Prison Architect,10/6/2015,6/13/2022,,80,Introversion Software,"Double Eleven, Introversion Software",PS4
Stellaris,5/9/2016,6/13/2022,,80,Paradox Interactive,Paradox Development Studio,PS4
Trine 4: The Nightmare Prince,10/8/2019,6/13/2022,,80,"Frozenbyte, Modus Games",Frozenbyte,PS4
Valiant Hearts: The Great War,6/24/2014,6/13/2022,,80,Ubisoft Entertainment,Ubisoft Montpellier,PS4
Far Cry 3: Blood Dragon - Classic Edition,4/30/2013,6/13/2022,,80,Ubisoft Entertainment,"Ubisoft, Ubisoft Montreal",PS4
Trials Rising,2/26/2019,6/13/2022,,80,Ubisoft Entertainment,"Ubisoft, Redlynx",PS4
Eiyuden Chronicle: Hundred Heroes,4/23/2024,6/17/2025,,79,505 Games,"Rabbit & Bear Studios, Rabbit and Bear Studios",PS5/PS4
Coffee Talk Episode 2: Hibiscus & Butterfly,4/20/2023,12/17/2024,,79,Toge Productions,Toge Productions,PS5/PS4
LEGO DC Super-Villains,6/19/2012,3/19/2024,,79,Warner Bros. Interactive,"Warner Bros. Interactive, Traveller's Tales, TT Games",PS4
Eldest Souls,7/29/2021,10/17/2023,,79,"CI Games, United Label","Fallen Flag Studio, Fallen Flag Studios",PS5/PS4
A Hat in Time,12/5/2017,6/20/2023,,79,"Humble Bundle, Gears for Breakfast","Humble Bundle, Gears for Breakfast",PS4
Alienation,4/1/2016,6/13/2022,,79,,Sony Interactive Entertainment,PS4
Everybody's Golf,8/29/2017,6/13/2022,,79,Sony Computer Entertainment,"Sony Interactive Entertainment, Clap Hanz",PS4
Little Nightmares,4/28/2017,6/13/2022,,79,"Bandai Namco Entertainment, BANDAI NAMCO Entertainment US, Playdigious","BANDAI NAMCO Entertainment America, Playdigious, Tarsier Studios",PS4
Terraria,5/16/2011,6/13/2022,,79,"505 Games, Headup Games, Spike Chunsoft, Re-Logic","Engine Software, Codeglue, Pipeworks Studio, Re-Logic",PS4
Until Dawn,8/1/2015,6/13/2022,,79,"PlayStation PC, PlayStation Publishing",Ballistic Moon,PS4
Trials Fusion,4/15/2014,6/13/2022,,79,Ubisoft Entertainment,"Ubisoft, Ubisoft Shanghai, Redlynx",PS4
PlateUp!,8/4/2022,4/15/2025,,78.33333333,Yogscast Games,It's happening,PS5/PS4
Green Hell,9/5/2019,9/16/2025,,78,Creepy Jar,Creepy Jar,PS5/PS4
Banishers: Ghosts of New Eden,2/13/2024,7/15/2025,,78,Focus Entertainment,DON'T NOD,PS5
Tropico 6,3/29/2019,7/15/2025,,78,Kalypso Media,Limbic Entertainment,PS5/PS4
Another Crab's Treasure,4/25/2024,5/29/2025,,78,Aggro Crab,Aggro Crab,PS5
Like a Dragon Gaiden: The Man Who Erased His Name,11/9/2023,1/21/2025,,78,SEGA,Ryu ga Gotoku Studio,PS5/PS4
Jurassic World Evolution 2,11/9/2021,12/17/2024,,78,Frontier Developments,Frontier Developments,PS5/PS4
PHOGS!,12/3/2020,12/17/2024,,78,Coatsink,"Coatsink, Bit Loom Games",PS5/PS4
Killer Frequency,6/1/2023,11/19/2024,,78,"Team17 Digital, Fireshine Games",Team17 Digital,PS5/PS4
Construction Simulator,9/20/2022,4/16/2024,,78,"Astragon Entertainment, Excalibur Publishing","weltenbauer. Software Entwicklung, Astragon",PS5/PS4
Roguebook,6/17/2021,2/20/2024,,78,"Nacon, Abrakam","Abrakam, Abrakam Entertainment",PS5/PS4
Worms W.M.D,8/23/2016,12/20/2022,,78,Team17 Digital,Team17 Digital,PS4
Concrete Genie: Digital Deluxe Edition,10/8/2019,6/13/2022,,78,Sony Interactive Entertainment,Pixelopus,PS4/PSVR
11-11 Memories Retold,11/1/2018,6/13/2022,,78,"Bandai Namco Entertainment, BANDAI NAMCO Entertainment US","BANDAI NAMCO Entertainment America, Digixart, Aardman Animations",PS4
Bomber Crew,10/19/2017,6/13/2022,,78,Curve Digital,"Curve Digital, Runner Duck",PS4
Kingdom: New Lands,10/1/2015,6/13/2022,,78,Raw Fury,"Raw Fury, Noio, Licorice",PS4
Shadow Warrior 2,10/13/2016,6/13/2022,,78,Devolver Digital,"Devolver Digital, Flying Wild Hog",PS4
Sniper Elite 4,2/14/2017,6/13/2022,,78,Rebellion,Rebellion,PS4
The Long Dark,8/1/2017,6/13/2022,,78,Hinterland Studio,Hinterland Studio,PS4
Trackmania Turbo,3/22/2016,6/13/2022,,78,Ubisoft Entertainment,"Ubisoft, Nadeo",PS4
As Dusk Falls,7/19/2022,10/21/2025,,77,"Xbox Game Studios, Xbox Publishing Studio","INT./NIGHT, Night, INTERIOR NIGHT, INTERIOR",PS5/PS4
Humankind,8/17/2021,5/20/2025,,77,SEGA,Amplitude Studios,PS5/PS4
SaGa Frontier: Remastered,4/15/2021,2/17/2025,,77,Square Enix,"Square Enix, Bullets",PS4
Orcs Must Die! 3,7/23/2021,1/21/2025,,77,Robot Entertainment,Robot Entertainment,PS5/PS4
DEADCRAFT,5/19/2022,7/16/2024,,77,"XSEED Games, Marvelous USA, Marvelous",Marvelous,PS4
Elite: Dangerous,12/16/2014,10/17/2023,,77,Frontier Developments,Frontier Developments,PS4
Sniper Elite 5,3/26/2022,7/18/2023,,77,Rebellion,Rebellion,PS5/PS4
The Ascent,3/24/2022,7/18/2023,,77,Curve Digital,Neon Giant,PS5/PS4
Lake,4/8/2022,5/16/2023,,77,"Whitethorn Digital, Gamious",Gamious,PS5/PS4
Sakuna: Of Rice and Ruin,11/10/2020,5/16/2023,,77,"XSEED Games, Marvelous USA, Marvelous",Edelweiss,PS4
Immortals Fenyx Rising,12/3/2020,3/21/2023,,77,Ubisoft Entertainment,"Ubisoft, Ubisoft Quebec",PS5/PS4
Fury Unleashed,2/24/2017,6/13/2022,,77,"Awesome Games Studio, Awesome Games, Awesome Games Studio Sp",Awesome Games Studio,PS4
Hotshot Racing,9/10/2020,6/13/2022,,77,Curve Digital,"Sumo Digital, Lucky Mountain Games",PS4
Surviving Mars,3/15/2018,6/13/2022,,77,Paradox Interactive,"Haemimont Games, Paradox Interactive",PS4
EA Sports PGA Tour,4/4/2023,4/1/2025,,76,Electronic Arts,Electronic Arts Tiburon,PS5
Coffee Talk,1/29/2020,12/17/2024,,76,Toge Productions,Toge Productions,PS5/PS4
Cat Quest II: The Lupus Empire,9/24/2019,5/21/2024,,76,"PQube, The Gentlebros Pte","The Gentlebros, The Gentlebros.",PS4
Shadowrun Returns,7/25/2013,12/19/2023,,76,"Paradox Interactive, Harebrained Holdings, Harebrained Schemes",Harebrained Schemes,PS5/PS4
The Evil Within 2,3/28/2017,5/16/2023,,76,Bethesda Softworks,"Bethesda Softworks, Tango Gameworks",PS4
Wolfenstein: The Old Blood,5/5/2015,4/18/2023,,76,Bethesda Softworks,"Bethesda Softworks, Machine Games",PS4
Riders Republic,10/28/2021,4/18/2023,,76,Ubisoft Entertainment,"Ubisoft, Ubisoft Annecy, Ubisoft Pune, Ubisoft Kyiv, Ubisoft Belgrade, Ubisoft Odesa",PS5/PS4
Far Cry: Primal,2/23/2016,12/20/2022,,76,Ubisoft Entertainment,"Ubisoft, Crytek",PS4
Assassin's Creed Syndicate,10/23/2015,10/18/2022,,76,Ubisoft Entertainment,"Ubisoft Montreal, Ubisoft Quebec, Ubisoft Singapore",PS4
inFAMOUS: First Light,8/1/2014,6/13/2022,,76,Sony Computer Entertainment,Sucker Punch Productions,PS4
The Surge 2,9/24/2019,6/13/2022,,76,Focus Home Interactive,"Focus Home Interactive, Deck 13, Deck13, Deck 13 Interactive",PS4
Toukiden 2,7/1/2016,6/13/2022,,76,Koei Tecmo Games,"Koei Tecmo, KOEI TECMO America",PS4
Tropico 5,5/1/2014,6/13/2022,,76,Kalypso Media,"Haemimont Games, Kalypso Media",PS4
Ys IX: Monstrum Nox,9/26/2019,6/13/2022,,76,"NIS America, NIHON FALCOM, Clouded Leopard Entertainment","Engine Software, Nihon Falcom, PH3",PS4
Star Trek: Bridge Crew,5/30/2017,6/13/2022,,76,Ubisoft Entertainment,Ubisoft,PS4/PSVR
Werewolves Within,6/16/2021,6/13/2022,,76,Ubisoft Entertainment,Ubisoft,PS4/PSVR
For Honor,2/14/2017,6/13/2022,,76,Ubisoft Entertainment,"Ubisoft, Ubisoft Montreal, Ubisoft Toronto, Ubisoft Quebec, Blue Byte",PS4
Starlink: Battle For Atlas,10/16/2018,6/13/2022,,76,Ubisoft Entertainment,Ubisoft Toronto,PS4
Poppy Playtime: Chapter 1,7/12/2024,10/21/2025,,75,,DiegoA233,PS5/PS4
New World: Aeternum,10/15/2024,7/15/2025,,75,"Headup Games, Merge Games",Elder Games,PS5
Endless Dungeon,10/19/2023,6/17/2025,,75,SEGA,Amplitude Studios,PS5/PS4
Lost Records: Bloom & Rage - Tape 1: Bloom,2/18/2025,2/17/2025,,75,"DONTNOD Entertainment, DON'T NOD","DONTNOD Entertainment, DON'T NOD",PS5
Chernobylite,7/28/2021,9/17/2024,,75,The Farm 51,The Farm 51,PS5/PS4
No More Heroes III,8/27/2021,7/16/2024,,75,"XSEED Games, Marvelous USA, Marvelous, GRASSHOPPER MANUFACTURE",Grasshopper Manufacture,PS5/PS4
Deceive Inc.,3/21/2023,5/21/2024,,75,Sweet Bandits Studios,Sweet Bandits Studios,PS5
Samurai Warriors 5,7/27/2021,7/18/2023,,75,"Koei Tecmo Games, Tecmo Koei America","KOEI TECMO America, KOEI TECMO GAMES CO",PS4
Carto,10/27/2020,6/20/2023,,75,"Humble Games, X.D. Network",Sunhead Games,PS4
Killing Floor 2,11/16/2016,6/20/2023,,75,"Tripwire Interactive, Iceberg Interactive",Tripwire Interactive,PS4
Shadow of the Tomb Raider,11/10/2016,5/16/2023,,75,Square Enix,Eidos Montreal,PS4
The Gardens Between,9/20/2018,11/15/2022,,75,The Voxel Agents,The Voxel Agents,PS5/PS4
Earth Defense Force: World Brothers,9/24/2020,11/15/2022,,75,D3 Publisher,Yuke's Co,PS4
Hohokum,8/12/2014,10/18/2022,,75,"Sony Computer Entertainment, Annapurna Interactive","Sony Interactive Entertainment, SCE Santa Monica, Honeyslug, Richard Hogg",PS4
Scott Pilgrim vs. The World: The Game - Complete Edition,11/9/2010,9/20/2022,,75,Ubisoft Entertainment,"Ubisoft, Ubisoft Montreal, Engine Software, Ubisoft Chengdu, Ubisoft Pune Production",PS4
Death Squared,3/14/2017,6/13/2022,,75,SMG Studio,SMG Studio,PS4
Deliver Us the Moon,10/10/2019,6/13/2022,,75,"Wired Productions, KeokeN Interactive",KeokeN Interactive,PS5/PS4
Dragon Star Varnir,10/11/2018,6/13/2022,,75,Idea Factory,"Idea Factory, Compile Heart",PS4
For The King,2/27/2018,6/13/2022,,75,"Curve Digital, IronOak Games","Curve Digital, IronOak Games",PS4
Little Big Workshop,10/17/2019,6/13/2022,,75,"THQ Nordic, HandyGames, Handy Games",Mirage Game Studios,PS4
Zombie Army 4: Dead War,2/4/2020,6/13/2022,,75,Rebellion,Rebellion,PS4
Far Cry 3: Classic Edition,6/26/2018,6/13/2022,,75,Ubisoft Entertainment,"Ubisoft, Ubisoft Montreal",PS4
Persona 5 Tactica,11/17/2023,9/16/2025,,74,SEGA,Atlus,PS5/PS4
Soul Hackers 2,8/24/2022,5/20/2025,,74,"SEGA, Atlus",Atlus,PS5
You Suck at Parking,9/14/2022,3/18/2025,,74,Happy Volcano,Happy Volcano,PS5/PS4
SD Gundam Battle Alliance,8/25/2022,1/21/2025,,74,Bandai Namco Entertainment,ARTDINK,PS5/PS4
WRC Generations,11/3/2022,12/17/2024,,74,Nacon,KT Racing,PS5/PS4
Cat Quest,11/10/2017,5/21/2024,,74,"PQube, The Gentlebros Pte","The Gentlebros, Pqube, The Gentlebros Pte",PS4
Mystic Pillars: Remastered,6/3/2021,3/19/2024,,74,Capcom,WayForward Technologies,PS5
Cursed to Golf,8/18/2022,8/15/2023,,74,,LiamBME,PS5/PS4
Hundred Days: Winemaking Simulator,5/13/2021,6/20/2023,,74,"Nuverse, Broken Arms Games","Nuverse, Broken Arms Games",PS5/PS4
Rune Factory 4: Special,12/7/2021,5/16/2023,,74,"XSEED Games, Marvelous USA, Marvelous",Marvelous,PS4
Cris Tales,7/20/2021,6/13/2022,,74,Modus Games,"Dreams Uncorporated, SYCK",PS5/PS4
Aragami,10/4/2016,6/13/2022,,74,Lince Works,Lince Works,PS4
Hotline Miami 2: Wrong Number,3/10/2015,6/13/2022,,74,Devolver Digital,"Devolver Digital, Dennaton Games",PS5/PS4
Infinite Minigolf,7/18/2017,6/13/2022,,74,Zen Studios,Zen Studios,PS4
Matterfall,8/15/2017,6/13/2022,,74,,Sony Interactive Entertainment,PS4
Rebel Galaxy,10/20/2015,6/13/2022,,74,"Double Damage Games, Double Damage Games.",Double Damage Games,PS4
The Elder Scrolls Online: Tamriel Unlimited,4/4/2014,6/13/2022,,74,Bethesda Softworks,"Bethesda Softworks, Zenimax Online Studios",PS4
The Surge,5/16/2017,6/13/2022,,74,Focus Home Interactive,"Focus Home Interactive, Deck13",PS4
Earth Defense Force 6,7/25/2024,8/19/2025,,73,D3 Publisher,SANDLOT,PS5/PS4
Train Sim World 5,9/17/2024,6/17/2025,,73,Dovetail Games - TSW,Dovetail Games,PS5/PS4
Arcade Paradise,8/11/2022,3/18/2025,,73,Wired Productions,Nosebleed Interactive,PS5/PS4
Dead Island 2,4/21/2023,10/15/2024,,73,Deep Silver,Dambuster Studios,PS5/PS4
Salt and Sacrifice,5/10/2022,12/19/2023,,73,Ska Studios,"Ska Studios, Devoured Studios",PS5/PS4
Call of the Sea,12/8/2020,9/19/2023,,73,Raw Fury,"Out of the Blue, Out of the Blue Studios",PS5/PS4
Far Cry 6,10/7/2021,6/20/2023,,73,Ubisoft Entertainment,"Ubisoft, Ubisoft Montreal, Ubisoft Toronto, Ubisoft Shanghai, Ubisoft Kyiv, Ubisoft Berlin",PS5/PS4
Tom Clancy's Rainbow Six: Extraction,1/20/2022,3/21/2023,,73,Ubisoft Entertainment,"Ubisoft, Ubisoft Montreal",PS5/PS4
Tom Clancy's Rainbow Six Siege,12/1/2015,11/15/2022,,73,Ubisoft Entertainment,"Ubisoft, Ubisoft Montreal, Sperasoft",PS5/PS4
Maneater,5/22/2020,6/13/2022,,73,"Tripwire Interactive, Blindside Interactive",Blindside Interactive,PS5/PS4
Bad North,8/1/2018,6/13/2022,,73,Raw Fury,"Raw Fury, Plausible concept",PS4
Killzone Shadow Fall,11/1/2013,6/13/2022,,73,Sony Computer Entertainment,Guerrilla Games,PS4
LEGO Batman 3: Beyond Gotham,11/11/2014,6/13/2022,,73,"Feral Interactive, Warner Bros. Interactive, WB Games","Feral Interactive, Warner Bros. Interactive, Traveller's Tales, TT Games",PS4
Pile Up! Box by Box,8/1/2021,6/13/2022,,73,HandyGames,Seed by Seed,PS4
Pure Hold'em World Poker Championship,8/1/2015,6/13/2022,,73,,,PS4
Pure Pool,7/1/2014,6/13/2022,,73,Ripstone,VooFoo Studios,PS4
The Dark Pictures Anthology: Little Hope,10/30/2020,6/13/2022,,73,"Bandai Namco Entertainment, BANDAI NAMCO Entertainment Europe",Supermassive Games,PS4
The Fisherman: Fishing Planet,10/17/2019,6/13/2022,,73,Bigben Interactive,Fishing Planet,PS4
Eagle Flight,10/18/2016,6/13/2022,,73,Ubisoft Entertainment,"Ubisoft, Ubisoft Montreal",PS4/PSVR
Tour de France 2023,6/8/2023,10/15/2024,10/20/2025,73,Nacon,Cyanide Studio,PS5/PS4
The Invincible,11/6/2023,9/16/2025,,72,"11 bit studios, Starward Industries",Starward Industries,PS5
Story of Seasons: A Wonderful Life,6/27/2023,5/20/2025,,72,"XSEED Games, Marvelous, XSEED, Marvelous Europe",Marvelous,PS5
Wild Card Football,10/10/2023,9/17/2024,,72,Saber Interactive,Saber Interactive,PS5/PS4
LEGO The Hobbit,4/8/2014,6/18/2024,,72,Warner Bros. Interactive,"Feral Interactive, Warner Bros. Interactive, Traveller's Tales",PS4
Rogue Lords,9/30/2021,2/20/2024,,72,Nacon,"Cyanide Studio, Leikir Studio",PS4
The Dark Pictures Anthology: House of Ashes,10/22/2021,10/17/2023,10/20/2025,72,"Bandai Namco Entertainment, BANDAI NAMCO Entertainment Europe",Supermassive Games,PS5/PS4
Forager,7/30/2019,6/20/2023,,72,Humble Bundle,"Humble Bundle, HopFrog",PS4
Story of Seasons: Friends of Mineral Town,9/15/2017,5/16/2023,,72,"XSEED Games, Marvelous USA, Marvelous",Marvelous,PS4
Earth Defense Force 5,12/11/2018,2/21/2023,,72,D3 Publisher,"D3 Publisher, SANDLOT",PS4
Assassin's Creed III: Remastered,3/29/2019,10/18/2022,,72,Ubisoft Entertainment,Ubisoft Montreal,PS4
Assassin's Creed: The Ezio Collection,11/15/2016,7/19/2022,,72,Ubisoft Entertainment,Ubisoft,PS4
Skate,8/1/2016,6/13/2022,,72,Electronic Arts,"Electronic Arts Vancouver, Full Circle",PS4/PSVR
Dead or Alive 5: Last Round,2/1/2015,6/13/2022,,72,"Tecmo Koei America, Tecmo Koei","Koei Tecmo, Team NINJA, KOEI TECMO America, LTD/Team NINJA",PS4
Get Even,6/1/2017,6/13/2022,,72,"Bandai Namco Entertainment, BANDAI NAMCO Entertainment US","BANDAI NAMCO Entertainment America, The Farm 51",PS4
Tricky Towers,8/1/2016,6/13/2022,,72,"WeirdBeard, Marcus Dobler Applications UG","WeirdBeard, Marcus Dobler Applications UG",PS4
Vampyr,6/5/2018,6/13/2022,,72,Focus Home Interactive,DONTNOD Entertainment,PS4
SAND LAND,4/26/2024,5/20/2025,,71,Bandai Namco Entertainment,ILCA,PS5/PS4
Somerville,11/15/2022,2/17/2025,,71,Jumpship,Jumpship,PS5/PS4
ANNO: Mutationem,3/17/2022,1/21/2025,,71,Lightning Games,"Thinking Stars, Thinkingstars",PS5/PS4
Steep,11/29/2016,7/16/2024,,71,Ubisoft Entertainment,"Ubisoft, Ubisoft Montpellier, Ubisoft Annecy, Ubisoft Kiev",PS4
Lego Marvel's Avengers,1/26/2016,4/16/2024,,71,"Feral Interactive, Warner Bros. Interactive","Feral Interactive, Warner Bros. Interactive, Traveller's Tales",PS4
Oddballers,1/26/2023,4/16/2024,,71,"Ubisoft Entertainment, Game Swing",Game Swing,PS4
Circus Electrique,9/6/2022,7/18/2023,,71,Saber Interactive,Zen Studios,PS4
Far Cry: New Dawn,2/15/2019,12/20/2022,,71,Ubisoft Entertainment,"Ubisoft, Ubisoft Montreal",PS4
UNO,8/16/2016,8/16/2022,,71,"Ubisoft Entertainment, Gameloft",Ubisoft,PS5/PS4
Assassin's Creed Freedom Cry,12/17/2013,7/19/2022,,71,Ubisoft Entertainment,"Ubisoft, Ubisoft Montreal",PS4
Assassin's Creed Rogue: Remastered,3/20/2018,7/19/2022,,71,,Ubisoft,PS4
Lawn Mowing Simulator,8/10/2021,6/13/2022,,71,"Curve Digital, Ramzan Arif","Giant Fish, Skyhook Games",PS5/PS4
Days Gone,4/1/2019,6/13/2022,,71,"Sony Interactive Entertainment, PlayStation PC, PlayStation Mobile","Bend Studio, SIE Bend Studio",PS4
Death end re;Quest,4/12/2018,6/13/2022,,71,Idea Factory,"Idea Factory, Compile Heart",PS4
Rock of Ages 3: Make & Break,7/21/2020,6/13/2022,,71,Modus Games,"ACE Team, Giant Monkey Robot",PS4
Spitlings,2/25/2020,6/13/2022,,71,HandyGames,Massive Miniteam,PS4
Transference,9/18/2018,6/13/2022,,71,Ubisoft Entertainment,Ubisoft,PS4/PSVR
Steep,12/1/2016,6/13/2022,,71,Ubisoft Entertainment,"Ubisoft, Ubisoft Montpellier, Ubisoft Annecy, Ubisoft Kiev",PS4
Until Dawn (2024),10/4/2024,10/21/2025,,70,"PlayStation PC, PlayStation Publishing",Ballistic Moon,PS5
Sonic Frontiers,11/8/2022,12/17/2024,,70,SEGA,Sonic Team,PS5/PS4
Biped,4/8/2020,12/17/2024,,70,"META Publishing, bilibili, NEXT Studios, Postmeta Games","NEXT Studios, Next Studio",PS4
Digimon Survive,7/29/2022,11/19/2024,,70,Bandai Namco Entertainment,"Bandai Namco Entertainment, Hyde",PS4
Tom Clancy's Ghost Recon: Wildlands,3/7/2017,10/15/2024,,70,Ubisoft Entertainment,"Ubisoft, Ubisoft Montpellier, Ubisoft Bucharest, Ubisoft Annecy, Ubisoft Paris, Ubisoft Milan, Reflections",PS4
Under The Waves,8/29/2023,9/17/2024,,70,"Quantic Dream, Spotlight by Quantic Dream",Parallel Studio,PS5/PS4
LEGO Jurassic World,6/9/2015,2/20/2024,,70,"Feral Interactive, Warner Bros. Interactive",TT Fusion,PS4
Nobunaga's Ambition: Taishi,6/5/2018,11/21/2023,,70,,KOEI TECMO America,PS4
River City Melee Mach!!,10/10/2019,11/21/2023,,70,Arc System Works,Arc System Works,PS4
Lawn Mowing Simulator: Landmark Edition,3/31/2022,8/28/2023,,70,The Chinese Room,"The Chinese Room, Robert Briscoe",PS5/PS4
Watch Dogs: Legion,10/29/2020,5/16/2023,,70,Ubisoft Entertainment,"Ubisoft, Ubisoft Toronto",PS5/PS4
Ben 10: Power Trip,10/9/2020,12/20/2022,,70,Outright Games,PHL Collective,PS5/PS4
Gigantosaurus: The Game,3/27/2020,12/20/2022,,70,Outright Games,"Outright Games, WildSphere",PS4
Monopoly Plus,12/2/2014,8/16/2022,,70,Ubisoft Entertainment,"Ubisoft, Ubisoft Pune",PS4
Assassin's Creed Unity,11/11/2014,7/19/2022,,70,Ubisoft Entertainment,"Ubisoft, Ubisoft Montreal, Ubisoft Toronto, Ubisoft Montpellier",PS4
Monster Truck Championship,10/15/2020,6/13/2022,,70,Nacon,Teyon,PS5/PS4
AO Tennis 2,2/1/2020,6/13/2022,,70,"Bigben Interactive, Nacon",Big Ant Studios,PS4
Megadimension Neptunia VII,5/1/2018,6/13/2022,,70,Idea Factory,"Idea Factory, Compile Heart",PS4
Romance of the Three Kingdoms XIII,1/27/2016,6/13/2022,,70,Koei Tecmo Games,Koei Tecmo,PS4
The Lego Movie Videogame,2/7/2014,6/13/2022,,70,Warner Bros. Interactive,"Feral Interactive, Warner Bros. Interactive, Traveller's Tales, TT Fusion",PS4
TRON RUN/r,2/1/2016,6/13/2022,,70,Disney Interactive,"Disney Interactive Studios, Sanzaru Games",PS4
Harold Halibut,4/16/2024,8/19/2025,,69,"Curve Digital, Slow Bros.","Slow Bros, Slow Bros.",PS5
Captain Tsubasa: Rise of New Champions,8/28/2020,3/18/2025,,69,Bandai Namco Entertainment,"Bandai Namco Entertainment, Tamsoft",PS4
Rabbids: Party of Legends,6/30/2022,12/17/2024,,69,Ubisoft Entertainment,Ubisoft Chengdu,PS4
Clash: Artifacts of Chaos,3/9/2023,11/19/2024,,69,Nacon,ACE Team,PS5/PS4
The Dark Pictures Anthology: The Devil in Me,11/18/2022,10/15/2024,10/20/2025,69,"BANDAI NAMCO Entertainment US, BANDAI NAMCO Entertainment Europe",Supermassive Games,PS5/PS4
LEGO The Incredibles,6/15/2018,6/18/2024,,69,Warner Bros. Interactive,TT Fusion,PS4
Raji: An Ancient Epic,8/18/2020,4/16/2024,,69,"Netflix, SUPER.COM","Netflix, Nodding Heads Games",PS5/PS4
Surviving the Aftermath,11/16/2021,1/16/2024,,69,Paradox Interactive,"Haemimont Games, Iceflake Studios",PS4
Erica,8/19/2019,1/17/2023,,69,Flavourworks,Flavourworks,PS4
Earth Defense Force: Iron Rain,4/11/2019,11/15/2022,,69,D3 Publisher,"Yuke's Co, D3 Publisher",PS4
Onee Chanbara Origin,12/5/2019,11/15/2022,,69,D3 Publisher,Tamsoft,PS4
Assassin's Creed Chronicles: China,4/21/2015,10/18/2022,,69,Ubisoft Entertainment,"Ubisoft, Climax Studios",PS4
Assetto Corsa Competizione,9/12/2018,6/13/2022,,69,505 Games,Kunos Simulazioni,PS5/PS4
Magicka 2,5/1/2015,6/13/2022,,69,Paradox Interactive,"Paradox Interactive, Pieces Interactive",PS4
MediEvil,10/1/2019,6/13/2022,,69,Sony Computer Entertainment,"SCE Cambridge Studio, Guerrilla Cambridge",PS4
Nightmares from the Deep 2: The Siren's Call,7/24/2013,6/13/2022,,69,Artifex Mundi,Artifex Mundi,PS4
Stranded Deep,4/1/2020,6/13/2022,,69,Beam Team,"Telltale Games, Beam Team Games",PS4
The Dark Pictures Anthology: Man of Medan,8/30/2019,6/13/2022,,69,Bandai Namco Entertainment,Supermassive Games,PS4
Space Junkies,3/26/2019,6/13/2022,,69,Ubisoft Entertainment,"Ubisoft, Ubisoft Montpellier",PS4/PSVR
Battlefield 2042,11/19/2021,6/17/2025,,68,Electronic Arts,"Electronic Arts DICE, Criterion Games",PS5/PS4
Space Engineers,4/15/2020,9/17/2024,,68,Keen Software House,Keen Software House,PS5/PS4
Outlast 2,4/24/2017,10/17/2023,,68,Red Barrels,Red Barrels,PS4
Thymesia,8/18/2022,5/16/2023,,68,Team17 Digital,OverBorder Studio,PS5
Conan Exiles,5/8/2018,5/16/2023,,68,Funcom,"Funcom, Funcom Oslo A/S",PS4
Human: Fall Flat,7/22/2016,6/13/2022,,68,"505 Games, Curve Digital","505 Games, Curve Digital, No Brakes Games",PS5/PS4
Warhammer: Chaosbane - Slayer Edition,5/31/2019,6/13/2022,,68,"Bigben Interactive, Nacon",Eko Software,PS5/PS4
Call of Cthulhu,10/30/2018,6/13/2022,,68,Focus Home Interactive,Cyanide Studio,PS4
Dynasty Warriors 8: Empires,11/20/2014,6/13/2022,,68,Koei,"KOEI TECMO America, Omega Force",PS4
Entwined,6/1/2014,6/13/2022,,68,Sony Computer Entertainment,"Sony Interactive Entertainment, Pixel Opus",PS4
Space Crew: Legendary Edition,10/15/2020,6/13/2022,,68,Electronic Arts,"BioWare, EA Swiss",PS4
Vikings: Wolves of Midgard,3/24/2017,6/13/2022,,68,Kalypso Media,"Kalypso Media, Games Farm",PS4
Ghostbusters: Spirits Unleashed,10/18/2022,10/15/2024,10/20/2025,68,IllFonic,IllFonic,PS5/PS4
Travis Strikes Again: No More Heroes - Complete Edition,1/18/2019,7/16/2024,,67,Marvelous,Grasshopper Manufacture,PS4
Lego Ninjago Movie Videogame,9/22/2017,4/16/2024,,67,Warner Bros. Interactive,"Feral Interactive, Warner Bros. Interactive, Traveller's Tales, TT Fusion",PS4
Session: Skate Sim,9/22/2022,1/16/2024,,67,"Nacon, Maximum Games",crea-ture Studios,PS5/PS4
Source of Madness,5/11/2022,8/15/2023,,67,Thunderful Publishing,Carry Castle,PS5/PS4
World War Z,4/16/2019,7/18/2023,,67,Focus Home Interactive,Saber Interactive,PS5/PS4
Thief (2014),2/25/2014,6/20/2023,,67,Rival Games,Rival Games,PS4
RAGE 2,5/14/2019,3/21/2023,,67,Bethesda Softworks,"id Software, Avalanche Studios, Virtuos, Goodbye Kansas Games, Passion Republic Games, Isbit Games",PS5/PS4
Embr,5/21/2020,6/13/2022,,67,Muse Games,Muse Games,PS4
Golf with Your Friends,5/19/2020,6/13/2022,,67,"Team17 Digital, Blacklight Interactive®, Blacklight Interactive","Team17 Digital, Blacklight Interactive®, Blacklight Interactive",PS4
Grand Ages: Medieval,10/1/2015,6/13/2022,,67,Kalypso Media,"Kalypso Media, Gaming Minds Studios",PS4
Malicious Fallen,2/1/2017,6/13/2022,,67,,Sony Interactive Entertainment,PS4
Mudrunner,10/31/2017,6/13/2022,,67,Focus Home Interactive,"Saber Interactive, Focus Home Interactive",PS4
"Warhammer 40,000: Inquisitor - Martyr",6/5/2018,6/13/2022,,67,NeocoreGames,NeoCoreGames,PS4
ZOMBI,11/18/2012,6/13/2022,,67,Ubisoft Entertainment,"Ubisoft, Straight Right",PS4
Mobile Suit Gundam Battle Operation Code Fairy,11/5/2021,3/18/2025,,66,Bandai Namco Entertainment,Bandai Namco Entertainment,PS5/PS4
Tin Hearts,5/16/2023,2/17/2025,,66,"Wired Productions, Rogue Sun",Rogue Sun,PS5/PS4
LEGO Worlds,3/7/2017,2/20/2024,,66,Warner Bros. Interactive,"Warner Bros. Interactive, Traveller's Tales",PS4
Redout II,6/16/2022,6/20/2023,,66,Saber Interactive,34BigThings,PS5/PS4
Shadow of the Beast,5/1/2016,6/13/2022,,66,,Sony Interactive Entertainment,PS4
Townsmen: A Kingdom Rebuilt,11/9/2018,6/13/2022,,66,HandyGames,Handy Games,PS4
FBC: Firebreak,6/17/2025,6/17/2025,,65,Remedy Entertainment,Remedy Entertainment,PS5
PAW Patrol The Movie: Adventure City Calls,8/13/2021,9/19/2023,,65,Outright Games,Drakhar Studio,PS5/PS4
Dynasty Warriors 9,2/13/2018,7/18/2023,,65,"Koei Tecmo Games, Koei Tecmo","Koei Tecmo, Omega Force",PS4
Monopoly Madness,12/9/2021,8/16/2022,,65,Ubisoft Entertainment,"Engine Software, Ubisoft",PS4
Earth Defense Force 4.1: The Shadow of New Despair,4/1/2015,6/13/2022,,65,D3 Publisher,"XSEED Games, SANDLOT",PS4
The Witch and the Hundred Knight: Revival Edition,3/1/2016,6/13/2022,,65,NIS America,"NIS America, Nippon Ichi Software",PS4
theHunter: Call of the Wild,2/16/2017,6/17/2025,,64,"Astragon Entertainment, Avalanche Studios",Expansive Worlds,PS4
Forspoken,1/24/2023,12/17/2024,,64,Square Enix,Luminous Productions,PS5
The Crew 2,6/26/2018,4/16/2024,,64,Ubisoft Entertainment,"Ubisoft, Ivory Tower",PS4
Dead by Daylight,6/14/2016,8/16/2022,,64,"Koch Media, Behaviour Interactive, Starbreeze Studios","Behaviour Interactive, Behaviour Digital",PS5/PS4
Spirit of the North: Enhanced Edition,11/1/2019,7/19/2022,,64,Merge Games,Infuse Studio,PS5
Brawlout,8/1/2018,6/13/2022,,64,Angry Mob Games,Angry Mob Games,PS4
NASCAR Heat 5,7/7/2020,6/13/2022,,64,"Motorsport Games, Motorsport Simulations",704Games Company,PS4
West of Dead,6/18/2020,9/19/2023,,63,Raw Fury,Upstream Arcade,PS4
Hotel Transylvania: Scary-Tale Adventures,3/11/2022,8/15/2023,,63,Outright Games,Drakhar Studios,PS5/PS4
Wolfenstein: Youngblood,7/26/2019,5/16/2023,,63,Bethesda Softworks,"Bethesda Softworks, Arkane Studios, Machine Games",PS4
Assassin's Creed Chronicles: India,1/12/2016,10/18/2022,,63,Ubisoft Entertainment,"Ubisoft, Climax Studios",PS4
Empire of Sin,12/1/2020,6/13/2022,,63,"Paradox Interactive, ParadoxInteractive",Romero Games,PS4
Touhou Genso Rondo: Bullet Ballet,9/1/2016,6/13/2022,,63,,NIS America,PS4
Adventure Time: Pirates of the Enchiridion,7/17/2018,12/20/2022,,62,,,PS4
Destruction AllStars,2/2/2021,6/13/2022,,62,Sony Interactive Entertainment,Lucid Games,PS5
FIA European Truck Racing Championship,7/18/2019,6/13/2022,,62,Bigben Interactive,"Neopica, N-Racing",PS4
Omega Quintet,10/2/2014,6/13/2022,,62,Ghostlight,Idea Factory,PS4
I Am Bread,8/1/2015,6/13/2022,,61,Bossa Studios,Bossa Studios,PS4
Power Rangers: Battle For The Grid,3/26/2019,6/13/2022,,61,nWay,nWay,PS4
Surgeon Simulator: Anniversary Edition,8/1/2014,6/13/2022,,61,Deck13,Deck13,PS4
Firefighting Simulator: The Squad,12/6/2022,10/15/2024,,60,Astragon Entertainment,Chronos Unterhaltungssoftware,PS5/PS4
OVERPASS 2,10/17/2023,10/15/2024,,60,Nacon,Neopica,PS5
Blood Bowl III,2/23/2023,3/19/2024,,60,Nacon,Cyanide Studio,PS5/PS4
Super Neptunia RPG,6/25/2019,3/19/2024,,60,Idea Factory,"Idea Factory, Compile Heart, Artisan Studios",PS4
A-Train Express,5/22/2019,10/19/2023,,60,,DEGICA CO,PS4
PJ Masks: Heroes of the Night,10/29/2021,8/15/2023,,60,,,PS5/PS4
PAW Patrol Mighty Pups Save Adventure Bay,11/6/2020,6/20/2023,,60,Outright Games,Drakhar Studio,PS5/PS4
Bus Simulator 21: Next Stop,9/7/2021,5/16/2023,,60,astragon Software,TML Studios,PS5/PS4
Assassin's Creed Chronicles: Russia,2/9/2016,10/18/2022,,60,Ubisoft Entertainment,"Ubisoft, Climax Studios",PS4
Alex Kidd in Miracle World DX,6/22/2021,9/20/2022,,60,Merge Games,"Merge Games, Jankenteam",PS5/PS4
Paw Patrol: On a Roll!,9/26/2018,7/19/2022,,60,Outright Games,"Torus Games, Outright Games",PS4
Bee Simulator,11/12/2019,6/13/2022,,60,"Bigben Interactive, Nacon, Varsav Game Studios",Varsav Game Studios,PS4
Skull and Bones,2/16/2024,6/2/2025,,59,Ubisoft Entertainment,Ubisoft Singapore,PS5
Rain World,3/28/2017,5/16/2023,,59,Adult Swim Games,"Adult Swim, Videocult",PS4
Tennis World Tour 2,5/22/2018,6/13/2022,,59,Nacon,Big Ant Studios,PS5/PS4
Dark Rose Valkyrie,6/1/2017,6/13/2022,,59,"Plug In Digital, Idea Factory","Idea Factory, Compile Heart",PS4
Risk: Urban Assault,8/1/2016,6/13/2022,,59,Ubisoft Entertainment,Ubisoft,PS4
Hungry Shark World,7/17/2018,11/19/2024,,58,Ubisoft Entertainment,Ubisoft,PS4
Police Simulator: Patrol Officers,11/10/2022,6/18/2024,,58,Astragon Entertainment,Aesir Interactive,PS5/PS4
Knack,11/1/2013,6/13/2022,,58,Sony Computer Entertainment,Sony Interactive Entertainment,PS4
Space Hulk: Deathwing - Enhanced Edition,12/14/2016,6/13/2022,,58,Focus Home Interactive,Streum On Studio,PS4
The Technomancer,6/28/2016,6/13/2022,,58,Focus Home Interactive,Spiders,PS4
Cricket 24,10/5/2023,6/5/2024,,57,Nacon,Big Ant Studios,PS5/PS4
ReadySet Heroes,10/1/2019,7/19/2022,,57,Sony Interactive Entertainment,Robot Entertainment,PS4
Bluey: The Videogame,11/17/2023,7/15/2025,,56,Outright Games,Artax Games.,PS5/PS4
Tom Clancy's Ghost Recon: Breakpoint,10/4/2019,11/15/2022,,56,Ubisoft Entertainment,"Ubisoft, Ubisoft Paris",PS4
Werewolf: The Apocalypse - Earthblood,2/4/2021,6/13/2022,,56,"Bigben Interactive, Nacon",Cyanide Studio,PS5/PS4
Disaster Report 4 Plus: Summer Memories,11/22/2018,6/13/2022,,56,NIS America,Granzella,PS4/PSVR
Fade to Silence,12/14/2017,6/13/2022,,56,THQ Nordic,"THQ Nordic, Black Forest Games",PS4
Totally Reliable Delivery Service,4/1/2020,6/13/2022,,56,tinyBuild,We're Five Games,PS4
Ice Age: Scrat's Nutty Adventure,10/18/2019,7/19/2022,,55,Outright Games,Just Add Water,PS4
Car Mechanic Simulator,2/15/2019,6/13/2022,,55,ECC GAMES,"PlayWay, PlayWay plc",PS5/PS4
The Settlers: New Allies,2/17/2023,5/21/2024,,54,Ubisoft Entertainment,Ubisoft Düsseldorf,PS4
Fallout 76,11/14/2018,6/13/2022,,54,Bethesda Softworks,Bethesda Game Studios,PS4
Overpass,2/27/2020,6/13/2022,,54,"Bigben Interactive, Nacon",Zordix Racing,PS4
Trials of The Blood Dragon,6/13/2016,6/13/2022,,54,Ubisoft Entertainment,"Ubisoft, Ubisoft Kiev, Redlynx",PS4
Rabbids Invasion: The Interactive TV Show,11/18/2014,9/20/2022,,53,Ubisoft Entertainment,Ubisoft,PS4
Contra: Rogue Corps,9/24/2019,9/19/2023,,52,"Konami, Konami Digital Entertainment-US",Konami Digital Entertainment,PS4
Rapala Fishing: Pro Series,10/1/2017,6/13/2022,,52,,GameMill Entertainment,PS4
Harvest Moon: One World,3/3/2021,6/13/2022,,51,Natsume,"NATSUME, APPCI",PS4
Poker Club,11/24/2021,1/21/2025,,50,Ripstone,Ripstone,PS4
Yet Another Zombie Defense,8/25/2017,6/13/2022,,48,Awesome Games Studio,Awesome Games Studio,PS4
Hello Neighbor,12/1/2017,6/13/2022,,45,tinyBuild,"tinyBuild, Dynamic Pixels",PS4
Crime Boss: Rockay City,3/28/2023,5/21/2024,,43,505 Games,INGAME STUDIOS,PS5
Ben 10,11/14/2017,9/17/2024,,41,Outright Games,"Torus Games, Outright Games",PS4
Secret Neighbor,10/23/2019,6/13/2022,,40,tinyBuild,"tinyBuild, Dynamic Pixels, Hologryph",PS4
Bubsy: The Woolies Strike Back,10/1/2017,6/13/2022,,39,Accolade,"Black Forest Games, UFO Interactive Games",PS4
Harvest Moon: Mad Dash,10/29/2019,6/13/2022,,37,Natsume,"NATSUME, APPCI",PS4
Cartoon Network: Battle Crashers,11/8/2016,6/13/2022,,29,GameMill Entertainment,"Torus Games, Magic Pockets, GameMill Entertainment",PS4
JUMANJI: The Video Game,11/8/2019,7/19/2022,,25,Outright Games,Funsolve,PS4
Destiny 2: Legacy Collection,9/4/2018,6/4/2025,,84,Activision Blizzard,Activision,PS5/PS4
Lost Records: Bloom & Rage - Tape 2: Rage,2/18/2025,4/15/2025,,,"DONTNOD Entertainment, DON'T NOD","DONTNOD Entertainment, DON'T NOD",PS5
Tails Noir,6/8/2021,9/19/2023,,68,"Raw Fury, EggNut",EggNut,PS5/PS4
Bassmaster Fishing,10/28/2021,4/18/2023,,,Dovetail Games,Dovetail Games,PS5/PS4
Anodyne,2/4/2013,4/8/2023,,75,"Analgesic Productions, Nnooo, Sean Hogan","Joni Kittaka, Sean Han Tani, Nnooo, Sean Hogan, Sean Han-Tani-Chen-Hogan and Joni Kittaka, Analgesic Productions",PS4
F.I.S.T.: Forged in Shadow Torch,9/7/2021,12/17/2024,9/15/2025,80,bilibili,TiGAMES,PS5/PS4
The Plucky Squire,9/17/2024,9/17/2024,9/15/2025,83,Devolver Digital,All Possible Futures,PS5
Night in the Woods,2/21/2017,9/17/2024,9/15/2025,88,Finji,"Finji, bombsfall, InfiniteAmmo, Infinite Fall",PS5/PS4
Road 96,8/16/2021,9/17/2024,9/15/2025,79,"Digixart, Digixart Entertainment",Digixart,PS5/PS4
Pistol Whip,11/7/2019,9/17/2024,9/15/2025,83,Cloudhead Games,Cloudhead Games,PS5/PSVR2
Odin Sphere: Leifthrasir,6/7/2016,9/19/2023,9/15/2025,87,Atlus,"Atlus U.S.A, VanillaWare",PS4
Dragon's Crown Pro,8/6/2013,9/19/2023,9/15/2025,82,SEGA,Atlus U.S.A,PS4
UFC 5,10/27/2023,3/18/2025,8/18/2025,78,EA SPORTS,Electronic Arts Canada,PS5
Star Wars Jedi: Survivor,4/28/2023,2/17/2025,8/18/2025,85,Electronic Arts,"Respawn Entertainment, Respawn",PS5/PS4
TopSpin 2K25,4/26/2024,2/17/2025,8/18/2025,76,2K Games,Hangar 13,PS5/PS4
RIDE 5,8/24/2023,8/20/2024,8/18/2025,75,Milestone,Milestone,PS5
Wild Hearts,2/17/2023,8/20/2024,8/18/2025,79,"Electronic Arts, EA Originals","Omega Force, KOEI TECMO GAMES CO",PS5
The Witcher 3: Wild Hunt,5/19/2015,8/20/2024,8/18/2025,92,CD PROJEKT RED,CD PROJEKT RED,PS5/PS4
Sword Art Online: Last Recollection,10/6/2023,8/20/2024,8/15/2025,65,"Bandai Namco Entertainment, BANDAI NAMCO Entertainment US","BANDAI NAMCO Entertainment America, ARTDINK",PS5/PS4
Sword Art Online: Alicization Lycoris,7/10/2020,8/20/2024,8/15/2025,58,Bandai Namco Entertainment,"AQURIA Co, AQURIA",PS4
Sword Art Online: Fatal Bullet,8/9/2019,8/20/2024,8/15/2025,63,"Bandai Namco Entertainment, BANDAI NAMCO Entertainment US","BANDAI NAMCO Entertainment America, DIMPS",PS4
Sword Art Online: Hollow Realization,5/24/2019,8/20/2024,8/15/2025,68,,BANDAI NAMCO Entertainment America,PS4
Naruto to Boruto: Shinobi Striker,8/30/2018,8/20/2024,8/15/2025,61,"Bandai Namco Entertainment, BANDAI NAMCO Entertainment US","BANDAI NAMCO Entertainment America, Soleil",PS4
Vacation Simulator,4/9/2019,8/20/2024,8/15/2025,77,"Owlchemy Labs, GAMES FOR FUN","Owlchemy Labs, GAMES FOR FUN",PS5/PSVR2
Sword Art Online: Lost Song,11/17/2015,8/20/2024,8/15/2025,63,"Bandai Namco Entertainment, BANDAI NAMCO Entertainment US","BANDAI NAMCO Entertainment America, ARTDINK",PS4
Bugsnax,11/12/2020,8/16/2022,8/15/2025,75,Young Horses,Young Horses,PS5/PS4
Dying Light 2: Stay Human,2/4/2022,11/19/2024,7/14/2025,76,Techland Publishing,Techland,PS5/PS4
Remnant II,11/14/2023,7/16/2024,7/14/2025,82,Gearbox Publishing,Gunfire Games,PS5
Crisis Core: Final Fantasy VII - Reunion,12/13/2022,7/16/2024,7/14/2025,78,Square Enix,"Square Enix, Tose Co",PS5/PS4
Mount & Blade II: Bannerlord,10/25/2022,7/16/2024,7/14/2025,77,TaleWorlds Entertainment,TaleWorlds Entertainment,PS5/PS4
Job Simulator,10/13/2016,7/16/2024,7/14/2025,71,Owlchemy Labs,Owlchemy Labs,PS5/PSVR2
Vampire: The Masquerade - Swansong,5/19/2022,1/16/2024,7/14/2025,66,Nacon,Big Bad Wolf,PS5/PS4
After Us,5/23/2023,6/18/2024,6/16/2025,65,Private Division,Piccolo,PS5
Monster Hunter: Rise,3/26/2021,6/18/2024,6/16/2025,88,Capcom,Capcom,PS5/PS4
Kayak VR: Mirage,2/22/2023,6/18/2024,6/16/2025,73,Better Than Life,Better Than Life,PS5/PSVR2
Inscryption,8/30/2022,6/20/2023,6/16/2025,87,Devolver Digital,Daniel Mullins Games,PS5/PS4
Rogue Legacy 2,11/9/2022,6/20/2023,6/16/2025,87,Cellar Door Games,Cellar Door Games,PS5/PS4
Grand Theft Auto V,11/18/2014,11/19/2024,5/19/2025,97,Rockstar Games,"Rockstar North, Rockstar Games",PS5/PS4
MotoGP 24,5/2/2024,11/19/2024,5/19/2025,76,Milestone,Milestone,PS5/PS4
The Sims 4: Island Living,6/21/2019,11/19/2024,5/19/2025,84,,,PS4
Resistance: Fall of Man,11/14/2006,11/19/2024,5/19/2025,86,Sony Computer Entertainment,"Sony Interactive Entertainment, Insomniac Games",PS5/PS4
Resistance 2,11/4/2008,11/19/2024,5/19/2025,87,Sony Computer Entertainment,"Sony Interactive Entertainment, Insomniac Games",PS5/PS4
Ghostbusters: Rise of the Ghost Lord,10/26/2023,6/6/2024,5/19/2025,64,,nDreams,PS5/PSVR2
Walkabout Mini Golf,5/11/2023,6/6/2024,5/19/2025,90,Mighty Coconut,Mighty Coconut,PS5/PSVR2
Synth Riders,7/27/2021,6/6/2024,5/19/2025,89,Kluge Interactive,Retrowave VR,PS5/PSVR2
Before Your Eyes,4/8/2021,6/6/2024,5/19/2025,77,Skybound Games,"Skybound Games, GoodbyeWorld Games",PS5/PSVR2
The Walking Dead: Saints & Sinners - Chapters 1 & 2 ,1/23/2020,6/6/2024,5/19/2025,77,Skydance Interactive,Skydance Interactive,PS5/PSVR2
LEGO Marvel Super Heroes 2,11/14/2017,5/31/2024,5/19/2025,73,"Feral Interactive, Warner Bros. Interactive","Feral Interactive, Warner Bros. Interactive, Traveller's Tales",PS4
Stranded: Alien Dawn,4/25/2023,5/21/2024,5/19/2025,81,Frontier Foundry,Haemimont Games,PS5/PS4
The LEGO Movie 2 Videogame,2/26/2019,5/21/2024,5/19/2025,57,"Feral Interactive, Warner Bros. Interactive, WB Games","Feral Interactive, Warner Bros. Interactive, TT Games",PS4
Ghostrunner,10/27/2020,6/13/2022,5/19/2025,81,All in! Games,"3D Realms, One More Level, Slipgate Ironworks™",PS5/PS4
Batman: Arkham Knight,6/23/2015,6/13/2022,5/19/2025,86,Warner Bros. Interactive,Rocksteady Studios,PS4
Bloodstained: Ritual of the Night,6/18/2019,6/13/2022,5/19/2025,83,505 Games,"505 Games, Armature Studio, Inti Creates, ArtPlay, Dico",PS4
Enter The Gungeon,4/5/2016,6/13/2022,5/19/2025,85,Devolver Digital,Dodge Roll,PS4
inFAMOUS: Second Son,3/1/2014,6/13/2022,5/19/2025,81,Sony Computer Entertainment,Sucker Punch Productions,PS4
Journey to the Savage Planet,1/28/2020,6/13/2022,5/19/2025,77,505 Games,Typhoon studios,PS4
Payday 2: Crimewave Edition,8/13/2013,6/13/2022,5/19/2025,69,"505 Games, Starbreeze","505 Games, OVERKILL Software",PS4
Portal Knights,2/25/2016,6/13/2022,5/19/2025,72,505 Games,"505 Games, Keen Games",PS4
Disco Elysium: The Final Cut,3/30/2021,10/17/2023,4/15/2025,89,,ZA/UM,PS5/PS4
Animal Well,5/9/2024,5/9/2024,4/14/2025,90,Shared Memory,Shared Memory,PS5
Tales of Kenzera: ZAU,4/23/2024,4/23/2024,4/14/2025,76,Electronic Arts,Surgent Studios,PS5/PS4
Miasma Chronicles,5/23/2023,4/16/2024,4/14/2025,69,505 Games,The Bearded Ladies,PS5
Stray Blade,4/20/2023,4/16/2024,4/14/2025,60,505 Games,Point Blank Games,PS5
Deliver Us Mars,2/2/2023,4/16/2024,4/14/2025,69,Frontier Foundry,KeokeN Interactive,PS5/PS4
Nour: Play With Your Food,9/12/2023,4/16/2024,4/14/2025,58,Panic,Terrifying Jellyfish,PS5/PS4
Kena: Bridge of Spirits,9/21/2021,4/18/2023,4/14/2025,76,Ember Lab,Ember Lab,PS5/PS4
Slay the Spire,5/21/2019,4/18/2023,4/14/2025,88,"Humble Bundle, Mega Crit Games","Humble Bundle, Mega Crit",PS4
Monster Energy Supercross: The Official Videogame 6,3/9/2023,6/18/2024,3/17/2025,68,Milestone,Milestone,PS5/PS4
Resident Evil 3,4/3/2020,3/19/2024,3/17/2025,79,Capcom,"Capcom, GOG",PS5/PS4
JoJo's Bizarre Adventure: All-Star Battle R,9/2/2022,3/19/2024,3/17/2025,73,"Bandai Namco Entertainment, BANDAI NAMCO Entertainment US",CyberConnect2 Co.,PS4
Phoenix Wright: Ace Attorney Trilogy,12/9/2014,3/19/2024,3/17/2025,81,Capcom,"Capcom, Capcom U.S.A",PS4
Dragon Ball Z: Kakarot,1/16/2020,3/21/2023,3/17/2025,73,Bandai Namco Entertainment,CyberConnect2 Co.,PS5/PS4
Final Fantasy Type-0 HD,10/27/2011,3/21/2023,3/17/2025,72,Square Enix,Square Enix,PS5/PS4
Life Is Strange 2,9/1/2021,3/21/2023,3/17/2025,78,Square Enix,DONTNOD Entertainment,PS5/PS4
Life Is Strange: True Colors,9/1/2018,3/21/2023,3/17/2025,81,Square Enix,Deck Nine,PS5/PS4
Street Fighter V: Champion Edition,2/16/2016,3/21/2023,3/17/2025,82,Capcom,Capcom,PS5/PS4
Mortal Kombat 11,4/23/2019,6/13/2022,3/17/2025,83,Warner Bros. Interactive,"NetherRealm Studios, QLOC, Shiver Games",PS5/PS4
The Outer Worlds: Spacer's Choice Edition,10/25/2019,2/20/2024,2/17/2025,72,Private Division,"Obsidian Entertainment, Virtuos Games",PS5
Tales of Arise,9/10/2021,2/20/2024,2/17/2025,87,Bandai Namco Entertainment,Bandai Namco Entertainment,PS5/PS4
Tales of Zestiria,10/20/2015,2/20/2024,2/17/2025,72,"Bandai Namco Entertainment, BANDAI NAMCO Entertainment US","BANDAI NAMCO Entertainment America, Bandai Namco Entertainment",PS4
Tales of Symphonia: Remastered,7/13/2004,2/20/2024,2/17/2025,86,Bandai Namco Entertainment,Bandai Namco Entertainment,PS5/PS4
Tales of Vesperia: Definitive Edition,8/26/2008,2/20/2024,2/17/2025,81,Bandai Namco Entertainment,"Bandai Namco Entertainment, QLOC",PS5/PS4
Outriders,4/1/2021,2/21/2023,2/17/2025,72,Square Enix,People Can Fly,PS5/PS4
Scarlet Nexus,6/25/2021,2/21/2023,2/17/2025,80,"Bandai Namco Entertainment, BANDAI NAMCO Entertainment US","BANDAI NAMCO Entertainment America, Bandai Namco Entertainment",PS5/PS4
Bulletstorm: Full Clip Edition,4/7/2017,6/13/2022,2/17/2025,75,Gearbox Publishing,People Can Fly,PS4
Hardspace: Shipbreaker,6/16/2020,1/16/2024,1/20/2025,82,"Focus Home Interactive, Focus Entertainment",Blackbird Interactive,PS5
Resident Evil 2 (2019),1/15/2019,1/16/2024,1/20/2025,91,Capcom,Capcom,PS5/PS4
Just Cause 3,12/1/2015,1/16/2024,1/20/2025,71,Square Enix,"Square Enix, Avalanche Studios",PS4
Secret of Mana (2018),2/15/2018,1/16/2024,1/20/2025,63,"Square Enix, Square",Square,PS4
Street Fighter: 30th Anniversary Collection,5/2/2018,1/16/2024,1/20/2025,81,Capcom,"Capcom U.S.A, Digital Eclipse",PS4
Legend of Mana (2021),6/24/2021,1/16/2024,1/20/2025,72,"Electronic Arts, Square","Sony Interactive Entertainment, Square",PS4
Dragon Ball FighterZ,1/26/2018,1/17/2023,1/20/2025,87,"Bandai Namco Entertainment, BANDAI NAMCO Entertainment US","BANDAI NAMCO Entertainment America, Arc System Works, Arc System Works Co.",PS4
Life is Strange,10/20/2015,1/17/2023,1/20/2025,85,"Square Enix, Feral Interactive",DONTNOD Entertainment,PS4
Life is Strange: Before the Storm,8/31/2017,1/17/2023,1/20/2025,77,"Square Enix, Feral Interactive","Square Enix, Deck Nine",PS4
Just Cause 4: Reloaded,12/4/2018,1/17/2023,1/20/2025,65,,,PS4
Gigabash,8/5/2022,12/19/2023,12/16/2024,73,Passion Republic Games,Passion Republic Games,PS5/PS4
GRIME,8/2/2021,12/19/2023,12/16/2024,81,"Akupara Games, Funnel Entertainment","Clover Bite, Funnel Entertainment",PS5/PS4
Metal: Hellsinger,9/15/2022,12/19/2023,12/16/2024,78,"Funcom, Funcom Oslo",The Outsiders,PS5/PS4
Moonscars,9/27/2022,12/19/2023,12/16/2024,71,Humble Games,Black Mermaid,PS5/PS4
Prodeus,9/23/2022,12/19/2023,12/16/2024,75,Humble Games,,PS5/PS4
Stranger of Paradise: Final Fantasy Origin,3/15/2022,12/19/2023,12/16/2024,72,Square Enix,"Square Enix, Koei Tecmo, Team NINJA, KOEI TECMO GAMES CO",PS5/PS4
Tinykin,8/30/2022,12/19/2023,12/16/2024,77,tinyBuild,Splashteam,PS5/PS4
Mega Man 11,10/2/2018,12/19/2023,12/16/2024,82,Capcom,"Capcom, Capcom U.S.A",PS4
Mega Man Legacy Collection,8/25/2015,12/19/2023,12/16/2024,77,Capcom,"Capcom, Capcom U.S.A, Digital Eclipse",PS4
Mega Man Legacy Collection 2,8/8/2017,12/19/2023,12/16/2024,71,Capcom,"Capcom, Capcom U.S.A",PS4
Alternate Jake Hunter: Daedalus The Awakening of Golden Jazz,5/23/2019,11/21/2023,12/16/2024,75,Arc System Works,"Arc System Works, Neilo",PS4
Dead Island: Riptide - Definitive Edition,5/31/2016,11/21/2023,12/16/2024,50,Deep Silver,Techland,PS4
Dead Island: Definitive Edition,5/31/2016,10/17/2023,12/16/2024,63,Deep Silver,"Deep Silver, Techland",PS4
Soulstice,9/20/2022,6/20/2023,12/16/2024,72,Modus Games,Reply Game Studios,PS5
Vampire: The Masquerade - Coteries of New York,3/25/2020,6/20/2023,12/16/2024,72,Draw Distance,Draw Distance,PS4
Evil Genius 2: World Domination,11/30/2021,12/20/2022,12/16/2024,78,Rebellion,Rebellion,PS5/PS4
Judgment,6/21/2019,12/20/2022,12/16/2024,80,SEGA,Ryu ga Gotoku Studio,PS5/PS4
Grand Theft Auto: San Andreas - The Definitive Edition,11/11/2021,6/7/2024,11/18/2024,54,Rockstar Games,"Rockstar Games, Grove Street Games",PS5/PS4
Red Dead Redemption 2,10/26/2018,5/21/2024,11/18/2024,97,Rockstar Games,Rockstar Games,PS4
The Sims 4: City Living,11/1/2016,5/21/2024,11/18/2024,78,,,PS4
Eiyuden Chronicle: Rising,5/10/2022,11/21/2023,11/18/2024,74,505 Games,"Rabbit & Bear Studios, NATSUME ATARI",PS5/PS4
Superliminal,11/12/2019,11/21/2023,11/18/2024,74,"Pillow Castle Games, Pillow Castle","Pillow Castle Games, Pillow Castle",PS5/PS4
Dragon's Dogma: Dark Arisen,1/15/2016,11/21/2023,11/18/2024,78,Capcom,"Capcom, Capcom U.S.A",PS4
Mobile Suit Gundam: Extreme vs. MaxiBoost On,7/30/2020,11/21/2023,11/18/2024,78,,,PS4
Klonoa: Phantasy Reverie Series,7/8/2022,11/21/2023,11/18/2024,78,Bandai Namco Entertainment,"Bandai Namco Entertainment, MONKEYCRAFT Co",PS5/PS4
Teardown,4/21/2022,11/15/2023,11/18/2024,80,Tuxedo Labs,Tuxedo Labs,PS5
Chorus,12/3/2021,11/15/2022,11/18/2024,73,Deep Silver,"Deep Silver, Deep Silver Fishlabs",PS5/PS4
Kingdom Hearts HD 1.5 + 2.5 ReMIX,3/9/2017,11/15/2022,11/18/2024,84,Square Enix,Square Enix,PS4
Kingdom Hearts HD 2.8: Final Chapter Prologue,9/12/2017,11/15/2022,11/18/2024,76,Square Enix,Square Enix,PS4
Kingdom Hearts III,1/25/2019,11/15/2022,11/18/2024,83,"Square Enix, Disney Interactive",Square Enix,PS4
Kingdom Hearts: Melody of Memory ,11/11/2020,11/15/2022,11/18/2024,74,Square Enix,Square Enix,PS4
What Remains of Edith Finch,4/25/2017,11/15/2022,11/18/2024,88,Annapurna Interactive,"Annapurna Interactive, Giant Sparrow",PS4
Blasphemous,9/10/2019,6/13/2022,11/18/2024,80,"Team17 Digital, The Game Kitchen",The Game Kitchen,PS4
Moving Out,4/20/2020,6/13/2022,11/18/2024,78,Team17 Digital,"SMG Studio, Devm Games",PS4
Overcooked! 2,8/7/2018,6/13/2022,11/18/2024,83,Team17 Digital,"Team17 Digital, Ghost Town Games",PS4
Gotham Knights,10/21/2022,10/17/2023,10/14/2024,67,Warner Bros. Interactive,"Warner Bros. Interactive, QLOC, Warner Bros. Games Montréal",PS5
Gungrave G.O.R.E.,11/22/2022,10/17/2023,10/14/2024,57,"Koch Media, Prime Matter","IGGYMOB, Iggymob Co.",PS4
The Evil Within,10/13/2017,4/18/2023,10/14/2024,76,Bethesda Softworks,"Bethesda Softworks, Tango Gameworks",PS4
Dragon Quest XI S: Echoes of an Elusive Age - Definitive Edition,7/29/2017,10/18/2022,10/14/2024,91,Square Enix,Square Enix,PS4
Dragon Quest Builders,1/28/2016,10/18/2022,10/14/2024,83,"Square Enix, Nintendo","Square Enix, Armor Project, Bird Studio",PS4
Dragon Quest Builders 2,12/20/2018,10/18/2022,10/14/2024,86,"Square Enix, Nintendo","Square Enix, Koei Tecmo",PS4
Dragon Quest Heroes: The World Tree's Woe and the Blight Below,1/26/2015,10/18/2022,10/14/2024,77,Square Enix,"Square Enix, Koei Tecmo, Omega Force",PS4
Dragon Quest Heroes II: Explorer's Edition,5/27/2016,10/18/2022,10/14/2024,76,Square Enix,Omega Force,PS4
Ultra Street Fighter IV,4/18/2014,10/18/2022,10/14/2024,83,Capcom,"Capcom, Sony Computer Entertainment America",PS5/PS4
LittleBigPlanet 3,11/1/2014,6/13/2022,10/14/2024,79,Sony Computer Entertainment,Sumo Digital,PS4
Toukiden: Kiwami,8/1/2014,6/13/2022,10/14/2024,74,Koei Tecmo Games,"Koei Tecmo, KOEI TECMO America",PS4
R-Type Dimensions,2/1/2009,6/13/2022,10/14/2024,82,Microsoft Studios,"Tozai, SouthEnd Interactive™, Tozai Games™",PS5/PS4
13 Sentinels: Aegis Rim,9/22/2020,9/19/2023,9/16/2024,85,"Atlus, Atlus USA",VanillaWare,PS4
Planet Coaster,11/17/2016,9/19/2023,9/16/2024,79,Frontier Developments,Frontier Developments,PS5/PS4
Sniper Ghost Warrior Contracts 2,6/4/2021,9/19/2023,9/16/2024,68,CI Games,CI Games,PS5/PS4
Unpacking,11/2/2021,9/19/2023,9/16/2024,84,"Humble Games, Witch Beam",Witch Beam,PS5/PS4
Marvel's Midnight Suns,12/2/2022,3/19/2024,9/16/2024,83,2K Games,Firaxis,PS5/PS4
Alien: Isolation,10/7/2014,10/17/2023,9/16/2024,79,"SEGA, Feral Interactive","Feral Interactive, SEGA, Creative Assembly",PS4
NieR Replicant ver.1.22474487139... ,4/22/2021,9/19/2023,9/16/2024,83,Square Enix,Toylogic,PS4
Star Ocean: Integrity and Faithlessness,6/28/2016,9/19/2023,9/16/2024,58,,Square Enix,PS4
Cloudpunk,4/23/2020,9/19/2023,9/16/2024,64,ION LANDS,ION LANDS,PS5/PS4
Star Ocean: The Divine Force,10/27/2022,9/19/2023,9/16/2024,69,Square Enix,Square Enix,PS5/PS4
Star Ocean: First Departure R,11/5/2019,9/19/2023,9/16/2024,73,Square Enix,"Tose, Tri-Ace",PS4
Star Ocean: Till the End of Time,8/31/2004,9/19/2023,9/16/2024,80,Square Enix,Tri-Ace,PS4
Star Ocean: The Last Hope - 4K & FHD Remaster,11/28/2017,9/19/2023,9/16/2024,72,Square Enix,"Square Enix, Tri-Ace",PS4
Horizon Forbidden West,2/18/2022,2/21/2023,9/16/2024,88,"Sony Computer Entertainment, Sony Interactive Entertainment",Guerrilla Games,PS5/PS4
Dragon Ball Xenoverse 2,10/25/2016,9/20/2022,9/16/2024,72,"Bandai Namco Entertainment, BANDAI NAMCO Entertainment US","BANDAI NAMCO Entertainment America, QLOC, DIMPS",PS4
Spiritfarer: Farewell Edition,8/18/2020,9/20/2022,9/16/2024,83,Thunder Lotus Games,Thunder Lotus Games,PS4
NBA 2K24: Kobe Bryant Edition,9/8/2023,3/19/2024,8/19/2024,68,"2K Games, 2K Sports","2K, Visual Concepts",PS5/PS4
Need for Speed: Unbound,11/29/2022,2/20/2024,8/19/2024,77,Electronic Arts,Ghost Games,PS5
Sea of Stars,8/29/2023,8/29/2023,8/19/2024,90,,Sabotage Studio,PS5/PS4
Destroy All Humans! 2: Reprobed,8/30/2022,8/15/2023,8/19/2024,67,"THQ Nordic, Black Forest Games","THQ Nordic, Black Forest Games",PS5/PS4
Lost Judgment,9/24/2021,8/15/2023,8/19/2024,82,SEGA,"SEGA, Ryu ga Gotoku Studio",PS5/PS4
Midnight Fight Express,8/23/2022,8/15/2023,8/19/2024,75,Humble Games,Jacob Dzwinel,PS4
Moving Out 2,8/15/2023,8/15/2023,8/19/2024,83,Team17 Digital,"SMG Studio, Devm Games",PS5/PS4
Spellforce III: Reforced,6/7/2022,8/15/2023,8/19/2024,70,THQ Nordic,"THQ Nordic, Grimlore Games",PS4
Destroy All Humans! (2020),7/28/2020,2/21/2023,8/19/2024,70,THQ Nordic,Black Forest Games,PS5/PS4
Wild Arms 2,9/2/1999,2/21/2023,8/19/2024,,SCEA,Media.Vision,PS5/PS4
Trials of Mana,4/24/2020,8/16/2022,8/19/2024,76,Square Enix,Square Enix,PS4
Tiny Tina's Wonderlands: Next-Level Edition,3/25/2022,1/16/2024,7/15/2024,78,"2K Games, Gearbox Publishing",Gearbox Software,PS5/PS4
Dysmantle,1/19/2022,7/18/2023,7/15/2024,84,10tons,10tons,PS5/PS4
Fast & Furious: Spy Racers Rise of SH1FT3R,11/5/2021,7/18/2023,7/15/2024,52,Outright Games,3d Clouds,PS5/PS4
My Little Pony: A Maretime Bay Adventure,5/27/2022,7/18/2023,7/15/2024,40,Outright Games,Melbot Studios,PS5/PS4
Saints Row IV: Re-Elected,8/20/2013,7/19/2022,7/15/2024,75,"Deep Silver, Koch Media","Deep Silver, Volition",PS4
Kingdom: Two Crowns,12/11/2018,6/13/2022,7/15/2024,78,Raw Fury,"Raw Fury, Noio, Coatsink, Fury Studios, StumpySquid",PS4
Grand Theft Auto V,11/18/2014,12/19/2023,6/17/2024,97,Rockstar Games,"Rockstar North, Rockstar Games",PS5/PS4
MotoGP 23,6/8/2023,12/19/2023,6/17/2024,74,Milestone,Milestone,PS5/PS4
Monster Jam: Steel Titans,6/25/2019,7/18/2023,6/17/2024,53,THQ Nordic,"THQ Nordic, Rainbow Studios",PS4
SpongeBob SquarePants: Battle for Bikini Bottom - Rehydrated,6/23/2020,7/18/2023,6/17/2024,68,THQ Nordic,Purple Lamp Studios,PS4
DC League of Super-Pets: The Adventures of Krypto and Ace,7/15/2022,6/20/2023,6/17/2024,60,Outright Games,PHL Collective,PS5/PS4
Dodgeball Academia,8/5/2021,6/20/2023,6/17/2024,81,Humble Games,Pocket Trap,PS4
The Talos Principle: Deluxe Edition,10/13/2015,6/20/2023,6/17/2024,88,Croteam,Devolver Digital,PS4
The Wild at Heart,11/16/2021,6/20/2023,6/17/2024,75,"Humble Games, Moonlight Kids",Moonlight Kids,PS4
Brothers: A Tale of Two Sons,8/7/2013,6/13/2022,6/17/2024,77,"505 Games, Parables Games","Starbreeze Studios, Parables Games",PS4
Indivisible,10/8/2019,6/13/2022,6/17/2024,79,505 Games,Lab Zero Games,PS4
Slime Rancher,8/1/2017,6/13/2022,6/17/2024,80,Monomi Park,Monomi Park,PS4
Telling Lies,8/23/2019,6/13/2022,6/17/2024,79,Annapurna Interactive,"Annapurna Interactive, Sam Barlow, Furious Bee",PS4
Unturned,7/7/2014,6/13/2022,6/17/2024,50,"505 Games, Smartly Dressed Games","505 Games, Smartly Dressed Games",PS4
Baja: Edge of Control HD,9/1/2017,6/13/2022,6/17/2024,65,"THQ Nordic, THQ","THQ Nordic, THQ, 2XL Games",PS4
ELEX II,3/1/2022,6/20/2023,5/21/2024,70,THQ Nordic,Piranha Bytes,PS5/PS4
MX vs. ATV Legends,6/28/2022,6/20/2023,5/21/2024,55,THQ,Rainbow Studios,PS5/PS4
Wreckfest,6/14/2018,6/13/2022,5/21/2024,81,"THQ Nordic, www.handy-games.com","Handy Games, Bugbear Entertainment, Bugbear",PS5/PS4
Darksiders Genesis,12/5/2019,6/13/2022,5/21/2024,79,THQ Nordic,Airship Syndicate,PS4
Darksiders III,11/27/2018,6/13/2022,5/21/2024,69,THQ Nordic,"THQ Nordic, Gunfire Games",PS4
Horizon Zero Dawn: Complete Edition,8/7/2020,6/13/2022,5/21/2024,90,"Sony Interactive Entertainment, PlayStation Mobile",Guerrilla Games,PS4
Sundered: Eldritch Edition,12/21/2018,6/13/2022,5/21/2024,78,,Thunder Lotus,PS4
Darksiders II: Deathinitive Edition,10/27/2015,6/13/2022,5/21/2024,72,"THQ Nordic, Nordic Games Publishing","THQ Nordic, Vigil Games, Gunfire Games",PS4
Darksiders: Warmastered Edition,11/1/2016,6/13/2022,5/21/2024,81,THQ Nordic,"Vigil Games, Kaiko",PS4
Kingdoms of Amalur: Re-Reckoning,9/7/2020,6/13/2022,5/21/2024,72,THQ Nordic,"Kaiko, Big Huge Games",PS4
I Am Dead,10/8/2020,6/13/2022,5/20/2024,81,Annapurna Interactive,"Richard Hogg, Hollow Ponds",PS5/PS4
Last Stop,7/22/2021,6/13/2022,5/20/2024,70,"Annapurna Interactive, Tainted Games","Variable State, Tainted Games",PS5/PS4
The Artful Escape,9/9/2021,6/13/2022,5/20/2024,77,Annapurna Interactive,Beethoven and Dinosaur,PS5/PS4
Absolver: Downfall,8/29/2017,6/13/2022,5/20/2024,74,"Screen 7, CFK Co","Harvester Games, Rawhand Games",PS4
Abzû,8/1/2016,6/13/2022,5/20/2024,81,505 Games,Giant Squid,PS4
Adr1ft,7/1/2016,6/13/2022,5/20/2024,56,505 Games,"505 Games, THREE ONE ZERO",PS4
Ashen,12/7/2018,6/13/2022,5/20/2024,81,Annapurna Interactive,"A44, Aurora44",PS4
Elex,10/17/2017,6/13/2022,5/20/2024,61,THQ Nordic,"THQ Nordic, Piranha Bytes",PS4
Final Fantasy IX,7/7/2000,6/13/2022,5/20/2024,83,"Electronic Arts, Square Enix, Square","Square Enix, Sony Interactive Entertainment, Square, GUILD STUDIO, Guld Studio, Silicon Studio Thailand",PS4
Final Fantasy VII,1/31/1997,6/13/2022,5/20/2024,82,Square Enix,Square Enix,PS4
Final Fantasy VIII: Remastered,9/3/2019,6/13/2022,5/20/2024,81,Square Enix,Square Enix,PS4
Final Fantasy X/X-2: HD Remaster,12/26/2013,6/13/2022,5/20/2024,83,Square Enix,"Square Enix, Virtuos",PS4
Final Fantasy XII: The Zodiac Age,7/11/2017,6/13/2022,5/20/2024,85,Square Enix,Square Enix,PS4
Final Fantasy XV: Royal Edition,11/29/2016,6/13/2022,5/20/2024,77,Square Enix,Square Enix,PS4
How To Survive 2,2/7/2017,6/13/2022,5/20/2024,65,505 Games,"505 Games, Eko Software",PS4
Jotun: Valhalla Edition,9/29/2015,6/13/2022,5/20/2024,78,Thunder Lotus Games,"Thunder Lotus, Thunder Lotus Games",PS4
Minit,4/3/2018,6/13/2022,5/20/2024,79,"Devolver Digital, GHI Media","Devolver Digital, JW, Kitty, Jukio, and Dom, JW, Kitty, Jukio, and Dominik, JW, Kitty, Jukio, and Dom",PS4
Monster Jam Steel Titans 2,3/1/2021,6/13/2022,5/20/2024,60,THQ Nordic,Rainbow Studios,PS4
My Friend Pedro,6/20/2019,6/13/2022,5/20/2024,81,Devolver Digital,"Devolver, DeadToast Entertainment, Deadtoast",PS4
Observation,5/21/2019,6/13/2022,5/20/2024,76,Devolver Digital,"Devolver Digital, No Code",PS4
The Messenger,8/30/2018,6/13/2022,5/20/2024,86,Devolver Digital,Sabotage,PS4
This is the Police,3/1/2017,6/13/2022,5/20/2024,66,"THQ Nordic, Nordic Games, www.handy-games.com, EuroVideo Medien","THQ Nordic, Handy Games, Weappy Studio",PS4
This is the Police 2,7/31/2018,6/13/2022,5/20/2024,70,"THQ Nordic, Nordic Games, www.handy-games.com","THQ Nordic, Handy Games, Weappy Studio, Weappy",PS4
World of Final Fantasy,10/1/2016,6/13/2022,5/20/2024,78,Square Enix,Square Enix,PS4
Chicken Police: Paint it RED!,11/5/2020,6/13/2022,4/15/2024,82,"www.handy-games.com, HandyGames, The Wild Gentlemen","Handy Games, The Wild Gentlemen",PS4
Dangerous Golf,6/1/2016,6/13/2022,4/15/2024,60,Three Fields Entertainment,Three Fields Entertainment,PS4
Everspace,9/14/2016,6/13/2022,4/15/2024,83,ROCKFISH Games,ROCKFISH Games,PS4
FIGHTING EX LAYER,6/28/2018,6/13/2022,4/15/2024,74,ARIKA,"Arika, ARIKA CO",PS4
Gunvolt Chronicles: Luminous Avenger iX,9/26/2019,6/13/2022,4/15/2024,80,Inti Creates,Inti Creates,PS4
Necromunda: Underhive Wars,9/7/2020,6/13/2022,4/15/2024,56,Focus Home Interactive,Rogue Factor,PS4
Nights of Azure,3/1/2016,6/13/2022,4/15/2024,68,Koei Tecmo Games,"Koei Tecmo, Gust",PS4
Nights of Azure 2: Bride of the New Moon,10/1/2017,6/13/2022,4/15/2024,65,Koei Tecmo Games,"Koei Tecmo, Gust",PS4
R-Type Final 2,4/29/2021,6/13/2022,4/15/2024,74,NIS America,Granzella,PS4
Reel Fishing: Road Trip Adventure ,9/11/2019,6/13/2022,4/15/2024,60,Natsume,"NATSUME, Tachyon",PS4
Soulcalibur VI,10/19/2018,6/13/2022,4/15/2024,84,"Bandai Namco Entertainment, BANDAI NAMCO Entertainment US","BANDAI NAMCO Entertainment America, Bandai Namco Entertainment, NAMCO",PS4
Warriors All-Stars,8/1/2017,6/13/2022,4/15/2024,70,,KOEI TECMO America,PS4
Sid Meier's Civilization VI,10/20/2016,9/19/2023,3/18/2024,87,"2K Games, Aspyr","Aspyr Media, Firaxis",PS4
Ghostwire: Tokyo,3/22/2022,3/21/2023,3/18/2024,75,Bethesda Softworks,Tango Gameworks,PS5
Haven,12/3/2020,3/21/2023,3/18/2024,78,Cleril Calamity Studios,Cleril Calamity Studios,PS5/PS4
NEO: The World Ends with You,9/1/2018,3/21/2023,3/18/2024,80,Square Enix,"Square Enix, h.a.n.d.",PS5/PS4
Tchia,3/21/2023,3/21/2023,3/18/2024,77,"Kepler Interactive, Awaceb",Awaceb,PS5/PS4
Code Vein,9/27/2019,3/7/2023,3/18/2024,70,Bandai Namco Entertainment,"BANDAI NAMCO Entertainment America, Bandai Namco Entertainment",PS4
Outer Wilds,5/29/2019,6/13/2022,3/18/2024,85,Annapurna Interactive,Mobius Digital,PS4
Tacoma,5/8/2018,6/20/2023,2/19/2024,79,The Fullbright Company,Fullbright,PS4
Ace Combat 7: Skies Unknown,1/18/2019,2/21/2023,2/19/2024,80,"Bandai Namco Entertainment, BANDAI NAMCO Entertainment US","BANDAI NAMCO Entertainment America, Bandai Namco Entertainment, Project Aces",PS4
I am Setsuna,7/19/2016,2/21/2023,2/19/2024,74,Square Enix,"Square Enix, Tokyo RPG Factory",PS4
Lost Sphear,1/23/2018,2/21/2023,2/19/2024,68,Square Enix,"Square Enix, Tokyo RPG Factory",PS4
Oninaki,8/22/2019,2/21/2023,2/19/2024,69,Square Enix,Tokyo RPG Factory,PS4
Resident Evil 7: Biohazard,1/24/2017,2/21/2023,2/19/2024,86,Capcom,"Capcom, Capcom U.S.A",PS4
Tekken 7,6/2/2017,2/21/2023,2/19/2024,82,"Bandai Namco Entertainment, BANDAI NAMCO Entertainment US","BANDAI NAMCO Entertainment America, Bandai Namco Entertainment",PS4
Hue,8/30/2016,6/13/2022,2/19/2024,79,"Curve Digital, Serkan Binici","Curve Digital, Serkan Binici, Fiddlesticks Games, Fiddlesticks",PS4
Lost Words: Beyond The Page,3/27/2020,6/13/2022,2/19/2024,78,"Plug In Digital, Modus Games","Plug In Digital, Sketchbook Games, Fourth State",PS4
Thomas Was Alone,6/30/2012,6/13/2022,2/19/2024,79,"Curve Digital, Bossa Studios, Bithell Games","Curve Digital, Bossa Studios, Bithell Games, Mike Bithell",PS4
It Takes Two,3/26/2021,7/18/2023,1/15/2024,89,Electronic Arts,Hazelight,PS5/PS4
Snowrunner,4/28/2020,7/18/2023,1/15/2024,81,Focus Home Interactive,Saber Interactive,PS5/PS4
Devil May Cry 5: Special Edition,3/8/2019,1/17/2023,1/15/2024,88,Capcom,Capcom,PS5/PS4
JETT: The Far Shore,10/5/2021,1/17/2023,1/15/2024,61,,Superbrothers,PS5/PS4
OMNO,7/29/2021,1/17/2023,1/15/2024,82,StudioInkyfox,Jonas Manke,PS4
Pillars of Eternity II: Deadfire - Ultimate Edition,1/28/2020,12/20/2022,1/15/2024,76,"Versus Evil, Obsidian Entertainment",Obsidian Entertainment,PS4
Mitsurugi Kamui Hikae,2/1/2016,6/13/2022,1/15/2024,61,"AGM PLAYISM, Active Gaming Media, ZENITH BLUE","ACTIVE GAMING MEDIA, Zenith Blue",PS4
The Missing: J.J. Macfield and the Island of Memories,10/11/2018,6/13/2022,1/15/2024,79,"Arc System Works, Arc System Works Co.","Arc System Works, White Owls",PS4
Back 4 Blood,10/7/2021,1/17/2023,12/18/2023,75,Warner Bros. Interactive,Turtle Rock Studios,PS5/PS4
Middle-Earth: Shadow of Mordor,9/30/2014,12/20/2022,12/18/2023,84,"Feral Interactive, Warner Bros. Interactive","Feral Interactive, Monolith Productions",PS4
Middle-Earth: Shadow of War,10/10/2017,12/20/2022,12/18/2023,80,"Warner Bros. Interactive, WB Games","Warner Bros. Interactive, Monolith Productions",PS4
The Escapists 2,8/22/2017,12/20/2022,12/18/2023,75,Team17 Digital,"Team17 Digital, Mouldy Toof Studios",PS4
Yakuza 6: The Song of Life,12/1/2016,12/20/2022,12/18/2023,83,SEGA,"SEGA, Ryu ga Gotoku Studio",PS4
Yakuza: Like a Dragon,11/10/2020,12/20/2022,12/18/2023,84,SEGA,"SEGA, Ryu ga Gotoku Studio",PS5/PS4
Foreclosed,8/12/2021,6/13/2022,12/18/2023,59,Merge Games,Antab Studio,PS5
Caladrius Blaze,3/9/2016,6/13/2022,12/18/2023,68,"H2 Interactive Co, H2 Interactive, H2 Interactive Co.","Moss Co, Moss Co., H2 Interactive Co",PS4
Damascus Gear: Operation Tokyo - HD Edition,12/25/2013,6/13/2022,12/18/2023,61,"Arc System Works, Arc System Works Co.","Arc System Works, Arc System Works Co.",PS4
El Hijo: A Wild West Tale,3/25/2021,6/13/2022,12/18/2023,72,"HandyGames, Honig Studios",Honig Studios,PS4
Friday the 13th: The Game,5/25/2017,6/13/2022,12/18/2023,61,Gun Media,"IllFonic, GUN MEDIA HOLDINGS",PS4
Legends of Ethernal,10/30/2020,6/13/2022,12/18/2023,61,Lucid Dreams Studio,Lucid Dreams Studio,PS4
Ace of Seafood,4/8/2016,6/13/2022,11/20/2023,52,"AGM PLAYISM, Onuki Masafumi","ACTIVE GAMING MEDIA, Nussoft",PS4
ConnecTank,9/28/2021,6/13/2022,11/20/2023,83,Natsume,"YummyYummyTummy, Tamatin Entertainment",PS4
Dandara: Trials of Fear Edition,2/6/2018,6/13/2022,11/20/2023,77,Raw Fury,"Raw Fury, Long Hat House",PS4
Giana Sisters: Twisted Dreams - Director's Cut,10/1/2012,6/13/2022,11/20/2023,70,Black Forest Games,Black Forest Games,PS4
Momodora: Reverie Under The Moonlight,3/4/2016,6/13/2022,11/20/2023,79,"AGM PLAYISM, Playism, Active Gaming Media, DANGEN Entertainment","ACTIVE GAMING MEDIA, Bombservice, rdein",PS4
My Time at Portia,4/16/2019,6/13/2022,11/20/2023,74,"Team17 Digital, Nuverse, Pathea Games","Team17 Digital, Pathea Games, Nuverse",PS4
Wild Guns: Reloaded,12/1/2016,6/13/2022,11/20/2023,75,Titus Software,NATSUME,PS4
The Quarry,6/10/2022,2/21/2023,10/16/2023,74,"2K Games, Supermassive Games",Supermassive Games,PS5/PS4
Far Cry 5,3/27/2018,12/20/2022,10/16/2023,81,Ubisoft Entertainment,"Ubisoft, Ubisoft Montreal, Ubisoft Toronto, Ubisoft Shanghai, Ubisoft Kiev, Red Storm",PS4
The Medium,1/28/2021,10/18/2022,10/16/2023,75,Bloober Team,Bloober Team,PS5
INSIDE,6/29/2016,10/18/2022,10/16/2023,91,Playdead,Playdead,PS4
Naruto to Boruto: Shinobi Striker,8/30/2018,10/18/2022,10/16/2023,61,"Bandai Namco Entertainment, BANDAI NAMCO Entertainment US","BANDAI NAMCO Entertainment America, Soleil",PS4
Yakuza 5: Remastered,2/1/2020,10/18/2022,10/16/2023,82,SEGA,"SEGA, Ryu ga Gotoku Studio",PS4
Yakuza 4: Remastered,10/1/2019,10/18/2022,10/16/2023,78,SEGA,"SEGA, Ryu ga Gotoku Studio",PS4
Yakuza 3: Remastered,8/1/2019,10/18/2022,10/16/2023,77,SEGA,"SEGA, Ryu ga Gotoku Studio",PS4
Limbo,4/30/2021,10/18/2022,10/16/2023,90,"Microsoft Studios, Playdead, 鱼俞","Double Eleven, Playdead, 鱼俞",PS5/PS4
Astebreed,5/1/2015,6/13/2022,10/16/2023,82,"AGM PLAYISM, Active Gaming Media","ACTIVE GAMING MEDIA, Edelweiss",PS4
Clouds & Sheep 2,2/1/2017,6/13/2022,10/16/2023,66,"Headup Games, www.handy-games.com, Handy Games",Handy Games,PS4
Gal Gunvolt Burst,3/15/2018,6/13/2022,10/16/2023,75,Inti Creates,Inti Creates,PS4
TorqueL,1/22/2015,6/13/2022,10/16/2023,56,FullPowerSideAttack.com,"ACTIVE GAMING MEDIA, Nanmo (Takayuki Yanagihara) @ FullPowerSideAttack.com, sanodg",PS4
Far Cry 4,11/18/2014,6/13/2022,10/16/2023,83,Ubisoft Entertainment,"Ubisoft, Ubisoft Montreal",PS4
The Crew,2/1/2014,6/13/2022,10/16/2023,62,Ubisoft Entertainment,"Ubisoft Reflections, Ivory Tower",PS4
Goosebumps: The Game,10/1/2015,6/13/2022,10/16/2023,35,GameMill Entertainment,"WayForward Technologies, GameMill Entertainment",PS5/PS4
Chicory: A Colorful Tale,6/10/2021,9/20/2022,9/19/2023,87,Greg Lobanov,"Finji, Greg Lobanov",PS5/PS4
Deathloop,9/14/2021,9/20/2022,9/19/2023,88,Bethesda Softworks,Arkane Studios,PS5
Watch Dogs 2,11/15/2016,9/20/2022,9/19/2023,82,Ubisoft Entertainment,Ubisoft Montreal,PS4
Tom Clancy's Ghost Recon: Wildlands,3/7/2017,8/16/2022,9/19/2023,70,Ubisoft Entertainment,"Ubisoft, Ubisoft Montpellier, Ubisoft Bucharest, Ubisoft Annecy, Ubisoft Paris, Ubisoft Milan, Reflections",PS4
Death end re;Quest2,8/17/2020,6/13/2022,9/19/2023,71,Idea Factory,"Idea Factory, Compile Heart",PS4
Nidhogg 2,8/15/2017,6/13/2022,9/19/2023,78,Messhof,Messhof,PS4
Through The Darkest of Times,1/29/2020,6/13/2022,9/19/2023,75,"www.handy-games.com, HandyGames","Handy Games, Paintbucket Games",PS4
Watch Dogs,5/1/2014,6/13/2022,9/19/2023,79,Ubisoft Entertainment,"Ubisoft, Ubisoft Montreal",PS4
Umbrella Corps,6/1/2016,6/13/2022,9/15/2023,38,Capcom,"Capcom, Capcom U.S.A",PS4
Borderlands 3,9/13/2019,2/21/2023,8/14/2023,78,"2K Games, Gearbox Publishing","2K, Gearbox Software",PS5/PS4
Yakuza 0,3/1/2015,8/16/2022,8/14/2023,85,SEGA,"SEGA, Ryu ga Gotoku Studio",PS4
Yakuza Kiwami,1/1/2016,8/16/2022,8/14/2023,80,"SEGA, Deep Silver",Ryu ga Gotoku Studio,PS4
Yakuza Kiwami 2,12/1/2017,8/16/2022,8/14/2023,85,SEGA,"SEGA, Ryu ga Gotoku Studio",PS4
8-Bit Armies,9/1/2018,6/13/2022,8/14/2023,69,"Petroglyph, Petroglyph Games","Petroglyph, SOEDESCO Publishing, Petroglyph Games",PS4
Carmageddon: Max Damage,7/1/2016,6/13/2022,8/14/2023,52,Stainless Games,Stainless Games,PS4
DCL: The Game,2/18/2020,6/13/2022,8/14/2023,66,Drone Champions League,"Climax Studios, Drone Champions League",PS4
GRIP Combat Racing,11/5/2018,6/13/2022,8/14/2023,69,"Wired Productions, Caged Element","Wired Productions, Caged Element",PS4
Nidhogg,1/1/2014,6/13/2022,8/14/2023,81,Messhof,Messhof,PS4
The Crew 2,3/1/2018,6/13/2022,8/14/2023,67,Ubisoft Entertainment,"Ubisoft, Ivory Tower",PS4
Stray,7/19/2022,7/19/2022,7/17/2023,84,Annapurna Interactive,"BlueTwelve, BlueTwelve Studio",PS5/PS4
Marvel's Avengers,9/4/2020,7/19/2022,7/17/2023,67,"Square Enix, Marvel Comics","Crystal Dynamics, Eidos Montreal, Nixxes, Eidos Interactive",PS5/PS4
Saints Row: Gat out of Hell,1/20/2015,7/19/2022,7/17/2023,64,Deep Silver,"Deep Silver, Volition, High Voltage Software",PS4
Fluster Cluck,10/1/2014,6/13/2022,7/17/2023,35,LOOT Interactive,LOOT™ Interactive,PS4
Rogue Stormers,10/1/2016,6/13/2022,7/17/2023,64,"HandyGames, Black Forest Games",Black Forest Games,PS4
Bioshock 2: Remastered,9/15/2016,6/13/2022,7/17/2023,84,"2K Games, Take Two Interactive","Digital Extremes, 2K Australia, 2K Marin, Virtuos, 2K China, Blind Squirrel",PS4
Bioshock Infinite: The Complete Edition,7/30/2013,6/13/2022,7/17/2023,84,2K Games,Irrational Games,PS4
Bioshock: Remastered,9/15/2016,6/13/2022,7/17/2023,84,"2K Games, Feral Interactive, Take Two Interactive","Feral Interactive, Digital Extremes, 2K Australia, 2K Marin, Virtuos, 2K China, Blind Squirrel, 2K Boston",PS4
Borderlands: The Handsome Collection,3/24/2015,6/13/2022,7/17/2023,82,"2K Games, Take Two Interactive","2K, Behaviour Interactive, Turn Me Up Games",PS4
Raiden V: Director's Cut,2/1/2016,6/13/2022,7/17/2023,73,"UFO Interactive Games, UFO Interactive","UFO Interactive Games, Moss Co, Moss Co.",PS5/PS4
Wytchwood,12/9/2021,6/13/2022,6/19/2023,78,"Alientrap, Whitethorn Digital",Alientrap,PS5/PS4
9 Monkeys of Shaolin,10/16/2020,6/13/2022,6/19/2023,74,"Buka Entertainment, Ravenscourt",Sobaka Studio,PS4
Agents of Mayhem,8/15/2017,6/13/2022,6/19/2023,68,Deep Silver,"Deep Silver, Volition",PS4
Ash of Gods: Redemption,3/1/2018,6/13/2022,6/19/2023,62,"Koch Media, WhisperGames, AurumDust","AurumDust, Aurum Dust",PS4
Avicii Invector,12/1/2019,6/13/2022,6/19/2023,84,Wired Productions,"Hello There, Hello There Games",PS4
Black Mirror,11/1/2017,6/13/2022,6/19/2023,58,THQ Nordic,"THQ Nordic, KING Art",PS4
Defense Grid 2,9/23/2014,6/13/2022,6/19/2023,81,"505 Games, Hidden Path Entertainment","505 Games, Hidden Path Entertainment",PS4
Descenders,2/9/2018,6/13/2022,6/19/2023,74,"No More Robots, Noodlecake Studios","RageSquid, Noodlecake",PS4
Gods Will Fall,1/29/2021,6/13/2022,6/19/2023,65,Deep Silver,"Clever Beans, Cleaver Beans",PS4
Joe Dever's Lone Wolf,10/1/2013,6/13/2022,6/19/2023,79,Forge Reply,Forge Reply srl con socio unico,PS4
John Wick Hex,10/8/2019,6/13/2022,6/19/2023,73,Good Shepherd Entertainment,"Bithell Games, Gambitious",PS4
KeyWe,8/31/2021,6/13/2022,6/19/2023,75,Sold Out,Stonewheat & Sons,PS4
No Straight Roads,8/25/2020,6/13/2022,6/19/2023,71,Sold Out,,PS4
Party Hard,8/24/2015,6/13/2022,6/19/2023,66,tinyBuild,"tinyBuild, Pinokl Games, Kverta",PS4
Redeemer: Enhanced Edition,8/1/2017,6/13/2022,6/19/2023,64,"Buka Entertainment, Good Shepherd Entertainment, Gambitious Digital Entertainment, Ravenscourt","Sobaka Studio, Sobaka",PS4
Red Faction,2/1/2001,6/13/2022,6/19/2023,88,"THQ Nordic, THQ, Nordic Games, Nordic Games Publishing, Nordic Trolls, Graphsim Entertainment","THQ Nordic, Volition",PS4
Red Faction II,10/1/2002,6/13/2022,6/19/2023,84,"THQ Nordic, THQ","THQ Nordic, Volition, Outrage Games, Cranky Pants Games",PS4
Balan Wonderworld,3/26/2021,6/13/2022,5/15/2023,48,Square Enix,"Square Enix, ARZEST, Balan Company",PS5/PS4
Kona,3/10/2016,6/13/2022,5/15/2023,71,"Deep Silver, Koch Media, Ravenscourt, Parabole","Deep Silver, Parabole",PS5/PS4
Marvel's Spider-Man: Game of the Year Edition,8/28/2019,6/13/2022,5/15/2023,89,Sony Interactive Entertainment,Insomniac Games,PS5/PS4
Tour de France 2021,6/3/2021,6/13/2022,5/15/2023,59,Nacon,Cyanide Studio,PS5/PS4
Chocobo's Mystery Dungeon EVERY BUDDY!,3/20/2019,6/13/2022,5/15/2023,75,Square Enix,Square Enix,PS4
Chronos: Before the Ashes,12/1/2020,6/13/2022,5/15/2023,69,THQ Nordic,"THQ Nordic, Gunfire Games",PS4
Dreamfall Chapters,10/20/2014,6/13/2022,5/15/2023,67,"Deep Silver, Red Thread Games","Red Thread Games, Blink Studios",PS4
Graveyard Keeper,8/15/2018,6/13/2022,5/15/2023,68,"tinyBuild, Magic Cat","tinyBuild, Lazy Bear Games, Magic Cat",PS4
Homefront: The Revolution,5/17/2016,6/13/2022,5/15/2023,49,Deep Silver,"Deep Silver, Dambuster Studios",PS4
How to Survive: Storm Warning Edition,7/2/2015,6/13/2022,5/15/2023,67,505 Games,Eko Software,PS4
Injustice 2,5/16/2017,6/13/2022,5/15/2023,88,Warner Bros. Interactive,"Warner Bros. Interactive, NetherRealm Studios, QLOC",PS4
Kingdom Come: Deliverance,2/13/2018,6/13/2022,5/15/2023,72,Warhorse Studios,"Deep Silver, Warhorse Studios",PS4
Last Day of June,8/30/2017,6/13/2022,5/15/2023,76,505 Games,"505 Games, Ovosonico",PS4
Left Alive: Day One Edition,3/5/2019,6/13/2022,5/15/2023,37,Square Enix,Square Enix,PS4
Mighty No. 9,6/1/2016,6/13/2022,5/15/2023,53,Deep Silver,"Abstraction Games, 8-4, Engine Software, Inti Creates, Comcept",PS4
MX vs. ATV: All Out,3/23/2018,6/13/2022,5/15/2023,52,THQ Nordic,"THQ Nordic, Rainbow Studios",PS4
NBA 2K Playgrounds 2,10/1/2018,6/13/2022,5/15/2023,70,2K Games,Saber Interactive,PS4
Pathfinder: Kingmaker - Definitive Edition,9/25/2018,6/13/2022,5/15/2023,71,Deep Silver,Owlcat Games,PS4
Pixel Piracy,2/1/2016,6/13/2022,5/15/2023,52,"505 Games, Re-Logic, Quadro Delta","505 Games, Vitali Kirpu, Quadro Delta",PS4
Relicta,8/1/2020,6/13/2022,5/15/2023,72,"Ravenscourt, Mighty Polygon",Mighty Polygon,PS4
Shenmue III,11/1/2019,6/13/2022,5/15/2023,68,"Sony Computer Entertainment, Deep Silver","Deep Silver, Ys Net",PS4
Star Ocean First Departure R,10/21/2008,6/13/2022,5/15/2023,73,Square Enix,"Tose, Tri-Ace",PS4
This War of Mine: The Little Ones,11/14/2014,6/13/2022,5/15/2023,78,Deep Silver,Deep Silver,PS4
TT Isle of Man: Ride of the Edge 2,3/13/2018,6/13/2022,5/15/2023,73,Bigben Interactive,Kylotonn Entertainment,PS4
Virginia,9/21/2016,6/13/2022,5/15/2023,74,505 Games,"505 Games, Variable State",PS4
Windbound,8/27/2020,6/13/2022,5/15/2023,65,Deep Silver,5 Lives Studios,PS4
Batman: Return to Arkham - Arkham Asylum,10/18/2016,6/13/2022,5/15/2023,73,Warner Bros. Interactive,Warner Bros. Interactive,PS4
Batman: Return to Arkham - Arkham City,10/18/2016,6/13/2022,5/15/2023,73,Warner Bros. Interactive,Warner Bros. Interactive,PS4
Deadlight: Director's Cut,6/20/2016,6/13/2022,5/15/2023,70,Deep Silver,"Deep Silver, Abstraction Games, Tequila Works",PS4
LEGO Harry Potter Collection,10/18/2016,6/13/2022,5/15/2023,73,Warner Bros. Interactive,"Warner Bros. Interactive, Traveller's Tales, Double Eleven, TT Games",PS4
Metro 2033: Redux,8/1/2014,6/13/2022,5/15/2023,90,"Deep Silver, Koch Media, FISHLABS","Deep Silver, 4A Games, Fishlabs Entertainment",PS4
Metro: Last Light - Redux,8/1/2014,6/13/2022,5/15/2023,76,"Deep Silver, Koch Media, FISHLABS","Deep Silver, 4A Games, Fishlabs Entertainment",PS4
Red Faction: Guerrilla Re-Mars-tered,7/2/2018,6/13/2022,5/15/2023,70,THQ Nordic,"THQ Nordic, Volition, Kaiko",PS4
Resident Evil (2015),1/11/2005,6/13/2022,5/15/2023,83,"Ubisoft Entertainment, Capcom, THQ, 1C-SoftClub, Nintendo Australia, Red Ant Enterprises",Capcom,PS4
2Dark,3/10/2017,6/13/2022,4/17/2023,63,Bigben Interactive,Gloomywood,PS4
Croixleur Sigma,1/1/2016,6/13/2022,4/17/2023,62,"Active Gaming Media, Nyu Media","ACTIVE GAMING MEDIA, souvenir circ.",PS4
Gabbuchi,1/31/2019,6/13/2022,4/17/2023,65,"Aksys Games, h.a.n.d.","Aksys Games, h.a.n.d.",PS4
Marvel Puzzle Quest,10/3/2013,6/13/2022,4/17/2023,68,D3 Publisher,"WayForward Technologies, Demiurge Studios, D3 Publisher, D3PA",PS4
Naruto Shippuden: Ultimate Ninja Storm 4,2/4/2016,6/13/2022,4/17/2023,79,"Bandai Namco Entertainment, BANDAI NAMCO Entertainment US",CyberConnect2 Co.,PS4
The Caligula Effect: Overdose,5/17/2018,6/13/2022,4/17/2023,62,NIS America,"Engine Software, NIS America, FuRyu",PS4
The Wonderful 101: Remastered,5/19/2020,6/13/2022,4/17/2023,73,PlatinumGames,Platinum Games,PS4
Monster Energy Supercross: The Official Videogame 5,3/17/2022,9/20/2022,3/20/2023,74,Milestone,Milestone,PS5/PS4
Danger Zone,5/1/2017,6/13/2022,3/20/2023,65,Three Fields Entertainment,Three Fields Entertainment,PS4
Dungeons 2,5/1/2016,6/13/2022,3/20/2023,68,Kalypso Media,"Kalypso Media, Realmforge Studios",PS4
Ghost of a Tale,3/13/2018,6/13/2022,3/20/2023,76,"Plug In Digital, SeithCG","Plug In Digital, SeithCG",PS4
Override 2: Super Mech League,12/22/2020,6/13/2022,3/20/2023,60,"Modus Games, Maximum Games",Modus Games,PS4
The Vanishing of Ethan Carter,9/1/2014,6/13/2022,3/20/2023,79,The Astronauts,The Astronauts,PS4
Velocibox,7/1/2015,6/13/2022,3/20/2023,68,Shawn Beck,"LOOT™ Interactive, Shawn Beck",PS4
Victor Vran: Overkill Edition,7/24/2015,6/13/2022,3/20/2023,76,EuroVideo Medien,Haemimont Games,PS4
WWE 2K22,3/8/2022,1/3/2023,3/13/2023,76,2K Games,"Visual Concepts, Take-Two Interactive",PS4
Grand Theft Auto: Vice City - The Definitive Edition,11/11/2021,10/18/2022,2/20/2023,54,Rockstar Games,"Rockstar Games, Grove Street Games",PS5/PS4
Metro Exodus,2/15/2019,8/16/2022,2/20/2023,83,Deep Silver,4A Games,PS4
Agatha Christie: The ABC Murders,2/1/2016,6/13/2022,2/20/2023,68,"Microids, Anuman Interactive, Gravity Europe SAS","Plug In Digital, Microids, Anuman Interactive, Artefacts Studios, artefacts-studio",PS4
Pure Farming 2018,3/1/2018,6/13/2022,2/20/2023,68,Techland Publishing,"Techland, Ice Flames",PS4
Rad Rodgers,2/1/2018,6/13/2022,2/20/2023,65,"THQ Nordic, 3D Realms, HandyGames","THQ Nordic, Slipgate Studios",PS4
Sine Mora EX,3/1/2012,6/13/2022,2/20/2023,78,"THQ Nordic, Nordic Games, www.handy-games.com, HandyGames","THQ Nordic, Handy Games, Grasshopper Manufacture, Digital Reality",PS4
SkyDrift Infinity,7/29/2021,6/13/2022,2/20/2023,80,HandyGames,Digital Reality,PS4
Sparkle Unleashed,7/1/2015,6/13/2022,2/20/2023,66,10tons,10tons,PS4
The Book of Unwritten Tales 2,2/19/2015,6/13/2022,2/20/2023,72,Nordic Games,"KING Art, The Adventure Company",PS4
The Turing Test,8/16/2016,6/13/2022,2/20/2023,79,"Square Enix, Bulkhead Interactive",Bulkhead Interactive,PS4
Whispering Willows,6/1/2015,6/13/2022,2/20/2023,64,"Akupara Games, Abstraction Games, Night Light Interactive","Abstraction Games, LOOT™ Interactive, Akupara Games, Night Light Interactive",PS4
Saints Row: The Third - Remastered,5/22/2020,6/13/2022,2/20/2023,74,Deep Silver,"Volition, Sperasoft",PS5/PS4
Bound by Flame,5/9/2014,6/13/2022,1/17/2023,56,Focus Home Interactive,Spiders,PS4
Electronic Super Joy,8/23/2013,6/13/2022,1/17/2023,80,"LOOT Interactive, Michael Todd Games","Broken Rules, LOOT™ Interactive, Michael Todd Games, MichaelToddGames",PS4
Enigmatis: The Ghosts of Maple Creek,4/1/2016,6/13/2022,1/17/2023,74,Artifex Mundi,Artifex Mundi,PS4
JumpJet Rex,4/29/2016,6/13/2022,1/17/2023,77,"LOOT Interactive, TreeFortress Games","LOOT™ Interactive, TreeFortress Games",PS4
Leo's Fortune,9/1/2015,6/13/2022,1/17/2023,75,"Tilting Point, 1337 & Senri",1337 & Senri,PS4
Masters of Anima,4/9/2018,6/13/2022,1/17/2023,75,Focus Home Interactive,"Focus Home Interactive, Passtech Games",PS4
Seasons After Fall,9/1/2016,6/13/2022,1/17/2023,77,Focus Home Interactive,"Focus Home Interactive, Swing Swing Submarine",PS4
Shiness: The Lightning Kingdom,4/1/2017,6/13/2022,1/17/2023,68,Focus Home Interactive,"Focus Home Interactive, Enigami",PS4
Space Hulk: Tactics,10/9/2018,6/13/2022,1/17/2023,70,Focus Home Interactive,"Cyanide Studio, Focus Home Interactive",PS4
The Council: The Complete Season,3/24/2020,6/13/2022,1/17/2023,76,Focus Home Interactive,Big Bad Wolf,PS4
The Last Tinker: City of Colors,8/1/2014,6/13/2022,1/17/2023,69,Daedalic Entertainment,"Daedalic Entertainment, Mimimi Productions, LOOT™ Interactive",PS4
Pillars of Eternity: Complete Edition,3/26/2015,6/13/2022,12/21/2022,84,,Obsidian Entertainment,PS4
Assassin's Creed Valhalla,11/12/2020,6/13/2022,12/20/2022,85,Ubisoft Entertainment,Ubisoft Montreal,PS5/PS4
Greedfall,9/10/2019,6/13/2022,11/15/2022,74,Focus Home Interactive,Spiders,PS5/PS4
MXGP 2021,11/30/2021,6/13/2022,11/15/2022,69,Milestone,Milestone,PS5/PS4
RIDE 4,10/8/2020,6/13/2022,11/15/2022,76,Milestone,Milestone,PS5/PS4
Mafia III: Definitive Edition,5/19/2020,6/13/2022,11/15/2022,64,2K Games,"Hangar 13, 2K Czech",PS4
Dead Nation: Apocalypse Edition,3/1/2014,6/13/2022,11/15/2022,74,Sony Computer Entertainment,"Sony Interactive Entertainment, Housemarque",PS4
Mafia II: Definitive Edition,5/19/2020,6/13/2022,11/15/2022,56,2K Games,"Hangar 13, d3t",PS4
Mafia: Definitive Edition,9/25/2020,6/13/2022,11/15/2022,76,2K Games,Hangar 13,PS4
Rez Infinite,10/13/2016,6/13/2022,10/30/2022,89,Enhance Games,"Enhance Games, Resonair, Monstars",PS4/PSVR
SOMA,9/1/2015,6/13/2022,10/18/2022,83,Frictional Games,Frictional Games,PS4
Red Dead Redemption,5/18/2010,6/13/2022,10/17/2022,95,Rockstar Games,"Rockstar North, Rockstar Games, Double Eleven, Rockstar San Diego",PS5/PS4
Red Dead Redemption: Undead Nightmare,10/26/2010,6/13/2022,10/17/2022,87,Rockstar Games,"Rockstar North, Rockstar Games, Rockstar San Diego",PS5/PS4
PGA Tour 2K21,8/1/2020,6/13/2022,10/7/2022,78,2K Games,HB Studios Multimedia,PS4
Red Dead Redemption 2,10/26/2018,6/13/2022,9/20/2022,95,Rockstar Games,Rockstar Games,PS4
NBA 2K22,9/10/2021,6/13/2022,8/31/2022,76,2K Games,Visual Concepts,PS5/PS4
WRC 10: FIA World Rally Championship,9/2/2021,6/13/2022,8/31/2022,74,Bigben Interactive,Milestone,PS5/PS4
Killzone: Shadow Fall - Intercept,6/25/2014,6/13/2022,8/12/2022,73,Sony Computer Entertainment,Guerrilla Games,PS4
Syberia,1/9/2002,6/13/2022,7/15/2022,50,"Ubisoft Entertainment, 1C Company, Microids, XS Games, Бука, The Adventure Company, Casterman","Microids, Anuman Interactive",PS5/PS4
Shadow Warrior 3,3/1/2022,6/13/2022,7/2/2022,71,Devolver Digital,Flying Wild Hog,PS4
